protocal,count,port,flag,type,srcip,attack
6,2,902,24,-1,-1,0
17,1813,53,-1,-1,-1,6
6,1,58085,16,-1,-1,0
6,4,58085,24,-1,-1,0
6,1,902,16,-1,-1,0
6,2,58085,16,-1,-1,0
17,1874,53,-1,-1,-1,6
6,3,902,24,-1,-1,0
6,9,58040,24,-1,-1,0
6,3,22,16,-1,-1,0
6,1,58085,24,-1,-1,0
6,3,22,16,-1,-1,0
6,1,58085,16,-1,-1,0
17,1877,53,-1,-1,-1,6
6,2,902,24,-1,-1,0
6,1,58040,24,-1,-1,0
6,2,58085,24,-1,-1,0
6,3,22,16,-1,-1,0
17,1889,53,-1,-1,-1,6
6,1,58040,24,-1,-1,0
6,4,22,16,-1,-1,0
17,1895,53,-1,-1,-1,6
6,2,22,16,-1,-1,0
6,1,58040,16,-1,-1,0
17,1876,53,-1,-1,-1,6
6,8,58040,24,-1,-1,0
6,1,22,24,-1,-1,0
6,2,22,16,-1,-1,0
17,1887,53,-1,-1,-1,6
6,1,58040,24,-1,-1,0
6,3,22,16,-1,-1,0
17,1905,53,-1,-1,-1,6
6,2,22,16,-1,-1,0
17,1862,53,-1,-1,-1,6
6,8,58040,24,-1,-1,0
6,2,22,16,-1,-1,0
17,1867,53,-1,-1,-1,6
6,3,22,16,-1,-1,0
17,1869,53,-1,-1,-1,6
6,8,58040,24,-1,-1,0
6,2,22,16,-1,-1,0
17,1867,53,-1,-1,-1,6
6,2,22,16,-1,-1,0
17,1889,53,-1,-1,-1,6
6,8,58040,24,-1,-1,0
6,3,22,16,-1,-1,0
17,1895,53,-1,-1,-1,6
6,2,22,16,-1,-1,0
17,1855,53,-1,-1,-1,6
6,8,58040,24,-1,-1,0
6,2,22,16,-1,-1,0
17,1884,53,-1,-1,-1,6
6,3,22,16,-1,-1,0
17,1891,53,-1,-1,-1,6
6,8,58040,24,-1,-1,0
6,2,22,16,-1,-1,0
17,1863,53,-1,-1,-1,6
6,3,22,16,-1,-1,0
17,1839,53,-1,-1,-1,6
6,9,58040,24,-1,-1,0
6,2,22,16,-1,-1,0
17,1852,53,-1,-1,-1,6
6,3,22,16,-1,-1,0
17,1848,53,-1,-1,-1,6
17,2,138,-1,-1,-1,0
6,8,58040,24,-1,-1,0
6,3,22,16,-1,-1,0
17,1853,53,-1,-1,-1,6
6,1,58040,24,-1,-1,0
6,3,22,16,-1,-1,0
17,1845,53,-1,-1,-1,6
6,1,58040,24,-1,-1,0
6,3,22,16,-1,-1,0
17,1879,53,-1,-1,-1,6
6,1,58040,24,-1,-1,0
6,3,22,16,-1,-1,0
17,1851,53,-1,-1,-1,6
6,1,58040,24,-1,-1,0
6,1,-1,2,-1,1,0
17,1867,53,-1,-1,-1,6
6,2,80,16,-1,-1,0
6,1,58110,18,-1,-1,0
6,3,22,16,-1,-1,0
6,1,80,17,-1,-1,0
6,1,80,24,-1,-1,0
6,1,58040,24,-1,-1,0
6,1,58110,16,-1,-1,0
6,1,58110,17,-1,-1,0
6,1,58110,24,-1,-1,0
17,1853,53,-1,-1,-1,6
6,4,22,16,-1,-1,0
6,1,58040,24,-1,-1,0
17,1867,53,-1,-1,-1,6
6,2,22,16,-1,-1,0
6,1,58040,24,-1,-1,0
17,1849,53,-1,-1,-1,6
6,3,22,16,-1,-1,0
6,1,58040,24,-1,-1,0
17,1849,53,-1,-1,-1,6
6,3,22,16,-1,-1,0
6,1,58040,24,-1,-1,0
17,1857,53,-1,-1,-1,6
6,3,22,16,-1,-1,0
6,1,58040,24,-1,-1,0
17,1864,53,-1,-1,-1,6
6,3,22,16,-1,-1,0
6,1,58040,24,-1,-1,0
17,1851,53,-1,-1,-1,6
6,3,22,16,-1,-1,0
6,2,58040,24,-1,-1,0
17,1889,53,-1,-1,-1,6
6,2,22,16,-1,-1,0
6,7,58040,24,-1,-1,0
17,1901,53,-1,-1,-1,6
6,2,22,16,-1,-1,0
17,1871,53,-1,-1,-1,6
6,2,22,16,-1,-1,0
6,8,58040,24,-1,-1,0
17,1844,53,-1,-1,-1,6
6,4,22,16,-1,-1,0
17,1883,53,-1,-1,-1,6
6,2,22,16,-1,-1,0
6,8,58040,24,-1,-1,0
17,1886,53,-1,-1,-1,6
6,2,22,16,-1,-1,0
6,1,51823,16,-1,-1,0
6,1,5228,16,-1,-1,0
6,4,58040,24,-1,-1,0
17,1,53,-1,-1,-1,0
17,7,62167,-1,-1,-1,0
17,1893,53,-1,-1,-1,6
6,3,22,16,-1,-1,0
17,1,62166,-1,-1,-1,0
17,6,443,-1,-1,-1,0
6,1,58040,24,-1,-1,0
17,1890,53,-1,-1,-1,6
6,4,22,16,-1,-1,0
6,1,58040,24,-1,-1,0
17,1878,53,-1,-1,-1,6
6,2,22,16,-1,-1,0
17,1856,53,-1,-1,-1,6
6,3,22,16,-1,-1,0
6,8,58040,24,-1,-1,0
17,1904,53,-1,-1,-1,6
6,2,22,16,-1,-1,0
17,1866,53,-1,-1,-1,6
6,2,22,16,-1,-1,0
6,9,58040,24,-1,-1,0
17,1875,53,-1,-1,-1,6
6,2,22,16,-1,-1,0
6,1,51789,24,-1,-1,0
6,1,443,16,-1,-1,0
6,1,443,24,-1,-1,0
17,1886,53,-1,-1,-1,6
6,1,80,17,-1,-1,0
6,1,80,16,-1,-1,0
6,3,22,16,-1,-1,0
6,1,58109,17,-1,-1,0
6,7,58040,24,-1,-1,0
17,1911,53,-1,-1,-1,6
6,4,22,16,-1,-1,0
6,1,58040,24,-1,-1,0
17,1860,53,-1,-1,-1,6
6,3,22,16,-1,-1,0
6,1,58040,24,-1,-1,0
17,1877,53,-1,-1,-1,6
6,3,22,16,-1,-1,0
6,1,58040,24,-1,-1,0
17,1875,53,-1,-1,-1,6
6,3,22,16,-1,-1,0
6,1,58040,24,-1,-1,0
17,1894,53,-1,-1,-1,6
6,4,22,16,-1,-1,0
6,1,58040,24,-1,-1,0
17,1868,53,-1,-1,-1,6
6,3,22,16,-1,-1,0
6,1,58040,24,-1,-1,0
17,1857,53,-1,-1,-1,6
6,3,22,16,-1,-1,0
6,1,58040,24,-1,-1,0
17,1,62167,-1,-1,-1,0
17,1859,53,-1,-1,-1,6
6,3,22,16,-1,-1,0
17,1,443,-1,-1,-1,0
6,2,58040,24,-1,-1,0
6,1,902,16,-1,-1,0
6,1,58040,16,-1,-1,0
17,1857,53,-1,-1,-1,6
6,2,902,24,-1,-1,0
6,1,22,24,-1,-1,0
6,2,58085,24,-1,-1,0
6,3,22,16,-1,-1,0
6,1,58085,16,-1,-1,0
6,1,58040,24,-1,-1,0
17,3247,53,-1,-1,-1,6
6,2,58085,24,-1,-1,0
6,1,902,24,-1,-1,0
17,3309,53,-1,-1,-1,6
6,7,58040,24,-1,-1,0
6,4,902,24,-1,-1,0
6,3,58085,24,-1,-1,0
6,2,58085,16,-1,-1,0
6,3,22,16,-1,-1,0
6,1,58112,18,-1,-1,0
17,3172,53,-1,-1,-1,6
6,1,58040,24,-1,-1,0
6,3,902,24,-1,-1,0
6,2,58085,24,-1,-1,0
6,1,58085,16,-1,-1,0
6,2,22,16,-1,-1,0
17,3345,53,-1,-1,-1,6
6,7,58040,24,-1,-1,0
6,2,902,24,-1,-1,0
6,3,58085,24,-1,-1,0
6,2,58085,16,-1,-1,0
6,3,22,16,-1,-1,0
17,3249,53,-1,-1,-1,6
6,7,58040,24,-1,-1,0
6,3,902,24,-1,-1,0
6,2,58085,24,-1,-1,0
6,2,58085,16,-1,-1,0
6,3,22,16,-1,-1,0
17,3307,53,-1,-1,-1,6
6,1,58040,24,-1,-1,0
6,3,902,24,-1,-1,0
6,1,902,16,-1,-1,0
6,3,58085,24,-1,-1,0
6,1,58085,16,-1,-1,0
6,3,22,16,-1,-1,0
17,3276,53,-1,-1,-1,6
6,7,58040,24,-1,-1,0
6,3,58085,24,-1,-1,0
6,1,58085,16,-1,-1,0
6,3,22,16,-1,-1,0
17,3298,53,-1,-1,-1,6
6,7,58040,24,-1,-1,0
6,5,902,24,-1,-1,0
6,1,902,16,-1,-1,0
6,3,58085,24,-1,-1,0
6,2,58085,16,-1,-1,0
6,1,22,16,-1,-1,0
17,3220,53,-1,-1,-1,6
6,8,58040,24,-1,-1,0
6,2,902,24,-1,-1,0
6,3,58085,24,-1,-1,0
6,2,58085,16,-1,-1,0
6,3,22,16,-1,-1,0
17,3434,53,-1,-1,-1,6
6,9,58040,24,-1,-1,0
6,3,22,16,-1,-1,0
17,3397,53,-1,-1,-1,6
6,9,58040,24,-1,-1,0
6,3,22,16,-1,-1,0
17,3465,53,-1,-1,-1,6
6,2,58040,24,-1,-1,0
6,2,22,16,-1,-1,0
17,3359,53,-1,-1,-1,6
6,4,58040,24,-1,-1,0
17,3333,53,-1,-1,-1,6
6,6,58040,24,-1,-1,0
6,2,22,16,-1,-1,0
6,1,5228,16,-1,-1,0
6,1,51823,16,-1,-1,0
17,3334,53,-1,-1,-1,6
6,1,58040,24,-1,-1,0
6,3,22,16,-1,-1,0
17,3447,53,-1,-1,-1,6
6,7,58040,24,-1,-1,0
6,3,22,16,-1,-1,0
6,1,-1,2,-1,1,0
17,3334,53,-1,-1,-1,6
6,2,80,16,-1,-1,0
6,1,58113,18,-1,-1,0
6,1,80,24,-1,-1,0
6,1,80,17,-1,-1,0
6,1,58113,24,-1,-1,0
6,1,58113,17,-1,-1,0
6,6,58040,24,-1,-1,0
6,1,58113,16,-1,-1,0
6,3,22,16,-1,-1,0
17,3363,53,-1,-1,-1,6
6,1,58040,16,-1,-1,0
6,1,58040,24,-1,-1,0
6,4,22,16,-1,-1,0
17,3425,53,-1,-1,-1,6
6,8,58040,24,-1,-1,0
6,3,22,16,-1,-1,0
17,3308,53,-1,-1,-1,6
6,8,58040,24,-1,-1,0
6,3,22,16,-1,-1,0
17,3276,53,-1,-1,-1,6
6,3,58040,24,-1,-1,0
6,3,22,16,-1,-1,0
17,3383,53,-1,-1,-1,6
6,2,22,24,-1,-1,0
6,1,58040,16,-1,-1,0
6,3,58040,24,-1,-1,0
6,3,22,16,-1,-1,0
17,3423,53,-1,-1,-1,6
6,7,58040,24,-1,-1,0
17,3050,53,-1,-1,-1,6
6,6,58040,24,-1,-1,0
6,2,22,16,-1,-1,0
17,3321,53,-1,-1,-1,6
6,2,58040,24,-1,-1,0
6,3,22,16,-1,-1,0
17,3281,53,-1,-1,-1,6
6,4,58040,24,-1,-1,0
6,2,22,16,-1,-1,0
17,3434,53,-1,-1,-1,6
6,8,58040,24,-1,-1,0
6,2,22,16,-1,-1,0
17,3404,53,-1,-1,-1,6
6,8,58040,24,-1,-1,0
6,2,22,16,-1,-1,0
17,3342,53,-1,-1,-1,6
6,8,58040,24,-1,-1,0
6,2,22,16,-1,-1,0
17,3379,53,-1,-1,-1,6
6,4,58040,24,-1,-1,0
6,2,22,16,-1,-1,0
17,3367,53,-1,-1,-1,6
6,8,58040,24,-1,-1,0
6,2,22,16,-1,-1,0
17,3286,53,-1,-1,-1,6
6,8,58040,24,-1,-1,0
6,2,22,16,-1,-1,0
17,3361,53,-1,-1,-1,6
6,4,58040,24,-1,-1,0
6,2,22,16,-1,-1,0
17,3344,53,-1,-1,-1,6
6,9,58040,24,-1,-1,0
6,2,22,16,-1,-1,0
17,3378,53,-1,-1,-1,6
6,2,58040,24,-1,-1,0
6,3,22,16,-1,-1,0
17,3422,53,-1,-1,-1,6
6,7,58040,24,-1,-1,0
6,3,22,16,-1,-1,0
17,3318,53,-1,-1,-1,6
6,1,58040,24,-1,-1,0
6,3,22,16,-1,-1,0
17,3297,53,-1,-1,-1,6
6,1,58040,24,-1,-1,0
6,2,22,16,-1,-1,0
17,3381,53,-1,-1,-1,6
6,2,58040,24,-1,-1,0
6,3,22,16,-1,-1,0
17,3359,53,-1,-1,-1,6
6,7,58040,24,-1,-1,0
17,3387,53,-1,-1,-1,6
6,2,22,16,-1,-1,0
17,3387,53,-1,-1,-1,6
6,6,58040,24,-1,-1,0
6,2,22,16,-1,-1,0
17,3271,53,-1,-1,-1,6
6,7,58040,24,-1,-1,0
6,3,22,16,-1,-1,0
17,3271,53,-1,-1,-1,6
6,2,58114,24,-1,-1,0
6,1,58114,16,-1,-1,0
6,6,443,24,-1,-1,0
6,1,-1,2,-1,1,0
6,1,58105,24,-1,-1,0
6,1,443,17,-1,-1,0
6,2,58040,24,-1,-1,0
6,1,58066,16,-1,-1,0
6,1,58066,17,-1,-1,0
6,1,58114,18,-1,-1,0
6,3,443,16,-1,-1,0
6,3,22,16,-1,-1,0
6,1,58105,16,-1,-1,0
17,3307,53,-1,-1,-1,6
6,1,58040,16,-1,-1,0
6,1,58040,24,-1,-1,0
6,3,22,16,-1,-1,0
17,3394,53,-1,-1,-1,6
6,9,58040,24,-1,-1,0
6,4,22,16,-1,-1,0
17,3338,53,-1,-1,-1,6
6,2,58085,24,-1,-1,0
6,1,58085,16,-1,-1,0
6,7,58040,24,-1,-1,0
6,2,902,24,-1,-1,0
6,2,22,16,-1,-1,0
17,3372,53,-1,-1,-1,6
6,8,58040,24,-1,-1,0
6,1,22,16,-1,-1,0
17,3293,53,-1,-1,-1,6
6,2,58040,24,-1,-1,0
6,2,22,16,-1,-1,0
17,3302,53,-1,-1,-1,6
6,2,58040,24,-1,-1,0
6,2,22,16,-1,-1,0
17,3345,53,-1,-1,-1,6
6,6,58040,24,-1,-1,0
6,2,22,16,-1,-1,0
17,3459,53,-1,-1,-1,6
6,8,58040,24,-1,-1,0
6,2,22,16,-1,-1,0
17,3361,53,-1,-1,-1,6
6,8,58040,24,-1,-1,0
6,2,22,16,-1,-1,0
17,3361,53,-1,-1,-1,6
6,8,58040,24,-1,-1,0
6,2,22,16,-1,-1,0
6,1,58111,24,-1,-1,0
17,3348,53,-1,-1,-1,6
6,1,58111,17,-1,-1,0
6,2,58040,24,-1,-1,0
6,2,22,16,-1,-1,0
6,1,58111,24,-1,-1,0
17,3320,53,-1,-1,-1,6
6,1,58111,17,-1,-1,0
6,1,58040,24,-1,-1,0
6,2,443,16,-1,-1,0
6,2,22,16,-1,-1,0
17,3333,53,-1,-1,-1,6
6,1,58040,24,-1,-1,0
6,3,22,16,-1,-1,0
17,3298,53,-1,-1,-1,6
6,8,58040,24,-1,-1,0
17,3324,53,-1,-1,-1,6
6,2,22,16,-1,-1,0
6,1,5228,16,-1,-1,0
6,1,51823,16,-1,-1,0
17,3323,53,-1,-1,-1,6
6,5,58040,24,-1,-1,0
6,2,22,16,-1,-1,0
17,3253,53,-1,-1,-1,6
6,9,58040,24,-1,-1,0
6,3,22,16,-1,-1,0
17,3251,53,-1,-1,-1,6
6,2,58040,24,-1,-1,0
6,2,22,16,-1,-1,0
17,3333,53,-1,-1,-1,6
6,2,58040,24,-1,-1,0
6,2,22,16,-1,-1,0
17,3396,53,-1,-1,-1,6
6,4,58040,24,-1,-1,0
6,2,22,16,-1,-1,0
17,3376,53,-1,-1,-1,6
6,8,58040,24,-1,-1,0
6,2,22,16,-1,-1,0
17,3432,53,-1,-1,-1,6
6,8,58040,24,-1,-1,0
6,2,22,16,-1,-1,0
17,3282,53,-1,-1,-1,6
6,2,58040,24,-1,-1,0
6,2,22,16,-1,-1,0
17,3306,53,-1,-1,-1,6
6,2,58040,24,-1,-1,0
6,2,22,16,-1,-1,0
17,3357,53,-1,-1,-1,6
6,8,58040,24,-1,-1,0
6,2,22,16,-1,-1,0
17,3429,53,-1,-1,-1,6
6,8,58040,24,-1,-1,0
6,2,22,16,-1,-1,0
17,3406,53,-1,-1,-1,6
6,2,58040,24,-1,-1,0
6,2,22,16,-1,-1,0
17,3372,53,-1,-1,-1,6
6,1,22,24,-1,-1,0
6,8,58040,24,-1,-1,0
17,3251,53,-1,-1,-1,6
6,1,22,24,-1,-1,0
6,1,58040,24,-1,-1,0
6,4,22,16,-1,-1,0
17,3224,53,-1,-1,-1,6
6,2,58040,24,-1,-1,0
6,2,22,16,-1,-1,0
17,3281,53,-1,-1,-1,6
6,8,58040,24,-1,-1,0
6,2,22,16,-1,-1,0
17,3485,53,-1,-1,-1,6
6,8,58040,24,-1,-1,0
6,2,22,16,-1,-1,0
6,1,58115,18,-1,-1,0
6,1,58115,16,-1,-1,0
17,3376,53,-1,-1,-1,6
6,1,58106,17,-1,-1,0
6,1,58106,16,-1,-1,0
6,5,443,24,-1,-1,0
6,1,-1,2,-1,1,0
6,1,58105,24,-1,-1,0
6,1,443,17,-1,-1,0
6,2,58040,24,-1,-1,0
6,1,58076,24,-1,-1,0
6,2,443,16,-1,-1,0
6,2,22,16,-1,-1,0
6,1,58105,16,-1,-1,0
6,1,58115,24,-1,-1,0
17,3348,53,-1,-1,-1,6
6,1,58040,16,-1,-1,0
6,9,58040,24,-1,-1,0
6,1,58076,16,-1,-1,0
6,1,22,16,-1,-1,0
17,3315,53,-1,-1,-1,6
6,1,58085,24,-1,-1,0
6,10,58085,16,-1,-1,0
6,10,58040,24,-1,-1,0
6,21,902,24,-1,-1,0
6,3,22,16,-1,-1,0
17,3246,53,-1,-1,-1,6
6,10,58040,24,-1,-1,0
6,3,22,16,-1,-1,0
17,3470,53,-1,-1,-1,6
6,8,58040,24,-1,-1,0
6,2,22,16,-1,-1,0
6,4,902,24,-1,-1,0
6,2,58085,16,-1,-1,0
6,1,902,16,-1,-1,0
17,1158,53,-1,-1,-1,6
6,4,58085,24,-1,-1,0
6,1,902,24,-1,-1,0
6,8,58040,24,-1,-1,0
6,4,22,16,-1,-1,0
6,1,58085,16,-1,-1,0
6,1,902,16,-1,-1,0
17,1149,53,-1,-1,-1,6
6,1,58085,24,-1,-1,0
6,4,902,24,-1,-1,0
6,2,58040,24,-1,-1,0
6,4,22,16,-1,-1,0
6,2,58085,16,-1,-1,0
17,1131,53,-1,-1,-1,6
6,4,58085,24,-1,-1,0
6,1,902,24,-1,-1,0
6,2,58040,24,-1,-1,0
6,4,22,16,-1,-1,0
6,1,58085,16,-1,-1,0
17,1165,53,-1,-1,-1,6
6,2,58085,24,-1,-1,0
6,2,22,16,-1,-1,0
6,2,58040,24,-1,-1,0
6,4,902,24,-1,-1,0
6,2,58085,16,-1,-1,0
17,1177,53,-1,-1,-1,6
6,3,58085,24,-1,-1,0
6,3,902,24,-1,-1,0
6,2,58040,24,-1,-1,0
6,2,22,16,-1,-1,0
6,1,58085,16,-1,-1,0
17,1172,53,-1,-1,-1,6
6,3,58085,24,-1,-1,0
6,2,902,24,-1,-1,0
6,3,58040,24,-1,-1,0
6,3,22,16,-1,-1,0
6,3,58085,24,-1,-1,0
17,1124,53,-1,-1,-1,6
6,2,58085,16,-1,-1,0
6,2,22,16,-1,-1,0
6,4,58040,24,-1,-1,0
6,3,902,24,-1,-1,0
6,2,58085,24,-1,-1,0
6,1,902,16,-1,-1,0
17,1160,53,-1,-1,-1,6
6,2,58085,16,-1,-1,0
6,3,902,24,-1,-1,0
6,3,58040,24,-1,-1,0
6,4,22,24,-1,-1,0
6,4,51660,24,-1,-1,0
6,6,22,16,-1,-1,0
6,2,58085,16,-1,-1,0
17,1166,53,-1,-1,-1,6
6,3,58085,24,-1,-1,0
6,3,58040,24,-1,-1,0
6,6,22,24,-1,-1,0
6,3,51660,16,-1,-1,0
6,6,51660,24,-1,-1,0
6,6,22,16,-1,-1,0
17,1184,53,-1,-1,-1,6
6,5,58040,24,-1,-1,0
6,3,22,16,-1,-1,0
17,1182,53,-1,-1,-1,6
6,4,58040,24,-1,-1,0
6,3,22,16,-1,-1,0
17,1153,53,-1,-1,-1,6
6,1,51823,16,-1,-1,0
17,1162,53,-1,-1,-1,6
6,4,58040,24,-1,-1,0
6,2,22,16,-1,-1,0
6,1,5228,16,-1,-1,0
17,1131,53,-1,-1,-1,6
6,1,58040,24,-1,-1,0
6,4,22,16,-1,-1,0
6,2,902,24,-1,-1,0
17,1136,53,-1,-1,-1,6
6,1,58085,16,-1,-1,0
6,2,58040,24,-1,-1,0
6,2,22,16,-1,-1,0
6,2,58085,24,-1,-1,0
17,1137,53,-1,-1,-1,6
6,1,58040,24,-1,-1,0
6,2,22,16,-1,-1,0
17,1143,53,-1,-1,-1,6
6,2,58040,24,-1,-1,0
6,2,22,16,-1,-1,0
17,1175,53,-1,-1,-1,6
6,2,58040,24,-1,-1,0
6,2,22,16,-1,-1,0
17,1169,53,-1,-1,-1,6
6,2,58040,24,-1,-1,0
6,2,22,16,-1,-1,0
17,1178,53,-1,-1,-1,6
6,2,58040,24,-1,-1,0
6,4,22,16,-1,-1,0
17,1180,53,-1,-1,-1,6
6,2,58040,24,-1,-1,0
6,2,22,16,-1,-1,0
17,1162,53,-1,-1,-1,6
6,2,58040,24,-1,-1,0
6,4,22,16,-1,-1,0
17,1179,53,-1,-1,-1,6
6,2,58040,24,-1,-1,0
6,3,22,16,-1,-1,0
17,1184,53,-1,-1,-1,6
6,2,58040,24,-1,-1,0
6,2,22,16,-1,-1,0
17,1185,53,-1,-1,-1,6
6,2,58040,24,-1,-1,0
6,2,22,16,-1,-1,0
17,1189,53,-1,-1,-1,6
6,2,58040,24,-1,-1,0
6,4,22,16,-1,-1,0
17,1181,53,-1,-1,-1,6
6,2,58040,24,-1,-1,0
6,2,22,16,-1,-1,0
17,1179,53,-1,-1,-1,6
6,2,58040,24,-1,-1,0
6,1,22,24,-1,-1,0
6,3,22,16,-1,-1,0
6,1,58040,16,-1,-1,0
17,1139,53,-1,-1,-1,6
6,4,58040,24,-1,-1,0
6,3,22,16,-1,-1,0
17,1172,53,-1,-1,-1,6
6,2,58040,24,-1,-1,0
6,3,22,16,-1,-1,0
17,1184,53,-1,-1,-1,6
6,2,58040,24,-1,-1,0
6,1,22,24,-1,-1,0
6,2,22,16,-1,-1,0
6,1,58040,16,-1,-1,0
17,1169,53,-1,-1,-1,6
6,4,58040,24,-1,-1,0
6,4,22,16,-1,-1,0
17,1188,53,-1,-1,-1,6
6,2,58040,24,-1,-1,0
6,2,22,16,-1,-1,0
17,1176,53,-1,-1,-1,6
6,3,58040,24,-1,-1,0
6,2,22,16,-1,-1,0
17,1144,53,-1,-1,-1,6
6,2,58040,24,-1,-1,0
6,2,22,16,-1,-1,0
17,1134,53,-1,-1,-1,6
6,2,58040,24,-1,-1,0
6,3,22,16,-1,-1,0
17,1138,53,-1,-1,-1,6
6,2,58040,24,-1,-1,0
6,2,22,16,-1,-1,0
17,1142,53,-1,-1,-1,6
6,2,58040,24,-1,-1,0
6,3,22,16,-1,-1,0
17,1164,53,-1,-1,-1,6
6,2,58040,24,-1,-1,0
6,2,22,16,-1,-1,0
17,1170,53,-1,-1,-1,6
6,2,58040,24,-1,-1,0
6,2,22,16,-1,-1,0
17,1188,53,-1,-1,-1,6
6,2,58040,24,-1,-1,0
6,4,22,16,-1,-1,0
17,1188,53,-1,-1,-1,6
6,2,58040,24,-1,-1,0
6,2,22,16,-1,-1,0
17,1179,53,-1,-1,-1,6
6,2,58040,24,-1,-1,0
6,3,22,16,-1,-1,0
17,1183,53,-1,-1,-1,6
6,2,58040,24,-1,-1,0
6,2,22,16,-1,-1,0
6,2,80,16,-1,-1,0
6,1,58116,17,-1,-1,0
6,1,58116,24,-1,-1,0
6,1,58116,16,-1,-1,0
6,1,80,24,-1,-1,0
17,1180,53,-1,-1,-1,6
6,1,58116,18,-1,-1,0
6,2,58040,24,-1,-1,0
6,1,80,17,-1,-1,0
6,1,-1,2,-1,1,0
6,2,22,16,-1,-1,0
17,1181,53,-1,-1,-1,6
6,1,58040,24,-1,-1,0
6,3,22,16,-1,-1,0
17,1179,53,-1,-1,-1,6
6,2,58040,24,-1,-1,0
6,3,22,16,-1,-1,0
17,1182,53,-1,-1,-1,6
6,2,58040,24,-1,-1,0
6,2,22,16,-1,-1,0
17,1182,53,-1,-1,-1,6
6,2,58040,24,-1,-1,0
6,2,22,16,-1,-1,0
17,1178,53,-1,-1,-1,6
6,2,58040,24,-1,-1,0
6,2,22,16,-1,-1,0
17,1180,53,-1,-1,-1,6
6,2,58040,24,-1,-1,0
6,3,22,16,-1,-1,0
17,1174,53,-1,-1,-1,6
6,2,58040,24,-1,-1,0
6,2,22,16,-1,-1,0
17,1164,53,-1,-1,-1,6
6,2,58040,24,-1,-1,0
6,2,22,16,-1,-1,0
17,1185,53,-1,-1,-1,6
6,4,58040,24,-1,-1,0
6,6,22,16,-1,-1,0
17,1186,53,-1,-1,-1,6
6,2,58040,24,-1,-1,0
6,2,22,16,-1,-1,0
17,1185,53,-1,-1,-1,6
6,2,58040,24,-1,-1,0
6,3,22,16,-1,-1,0
17,1163,53,-1,-1,-1,6
6,2,58040,24,-1,-1,0
6,2,22,16,-1,-1,0
6,1,51823,16,-1,-1,0
17,1140,53,-1,-1,-1,6
6,2,58040,24,-1,-1,0
6,1,22,24,-1,-1,0
6,1,51717,24,-1,-1,0
6,3,22,16,-1,-1,0
6,1,5228,16,-1,-1,0
17,1174,53,-1,-1,-1,6
6,1,58040,24,-1,-1,0
6,3,22,16,-1,-1,0
17,1186,53,-1,-1,-1,6
6,2,58040,24,-1,-1,0
6,1,22,24,-1,-1,0
6,1,51717,24,-1,-1,0
6,3,22,16,-1,-1,0
17,1188,53,-1,-1,-1,6
6,3,58040,24,-1,-1,0
6,3,22,16,-1,-1,0
17,1168,53,-1,-1,-1,6
6,2,58040,24,-1,-1,0
6,2,22,16,-1,-1,0
17,1120,53,-1,-1,-1,6
6,2,58040,24,-1,-1,0
6,1,22,24,-1,-1,0
6,4,22,16,-1,-1,0
6,1,51717,16,-1,-1,0
17,1127,53,-1,-1,-1,6
6,3,58040,24,-1,-1,0
6,3,22,16,-1,-1,0
17,1138,53,-1,-1,-1,6
6,2,58040,24,-1,-1,0
6,2,22,16,-1,-1,0
17,1160,53,-1,-1,-1,6
6,2,58040,24,-1,-1,0
6,3,22,16,-1,-1,0
17,1188,53,-1,-1,-1,6
6,2,58040,24,-1,-1,0
6,2,22,16,-1,-1,0
17,1176,53,-1,-1,-1,6
6,2,58040,24,-1,-1,0
6,2,22,16,-1,-1,0
17,1143,53,-1,-1,-1,6
6,2,58040,24,-1,-1,0
6,2,22,16,-1,-1,0
17,1155,53,-1,-1,-1,6
6,2,58040,24,-1,-1,0
6,3,22,16,-1,-1,0
17,1184,53,-1,-1,-1,6
6,2,58040,24,-1,-1,0
6,2,22,16,-1,-1,0
17,1174,53,-1,-1,-1,6
6,3,58040,24,-1,-1,0
6,2,22,16,-1,-1,0
17,1177,53,-1,-1,-1,6
6,2,58040,24,-1,-1,0
6,2,22,16,-1,-1,0
17,1187,53,-1,-1,-1,6
6,1,58040,24,-1,-1,0
6,4,22,16,-1,-1,0
6,2,902,24,-1,-1,0
17,1178,53,-1,-1,-1,6
6,1,58085,16,-1,-1,0
6,1,58040,24,-1,-1,0
6,3,22,16,-1,-1,0
6,2,58085,24,-1,-1,0
17,1185,53,-1,-1,-1,6
6,1,58040,24,-1,-1,0
6,3,22,16,-1,-1,0
17,1194,53,-1,-1,-1,6
6,1,58040,24,-1,-1,0
6,3,22,16,-1,-1,0
17,1169,53,-1,-1,-1,6
6,1,58040,24,-1,-1,0
6,3,22,16,-1,-1,0
17,1160,53,-1,-1,-1,6
6,1,58040,24,-1,-1,0
6,3,22,16,-1,-1,0
17,1151,53,-1,-1,-1,6
6,1,58040,24,-1,-1,0
6,3,22,16,-1,-1,0
17,1166,53,-1,-1,-1,6
6,2,58040,24,-1,-1,0
6,3,22,16,-1,-1,0
17,1137,53,-1,-1,-1,6
6,2,58040,24,-1,-1,0
6,4,22,16,-1,-1,0
17,1148,53,-1,-1,-1,6
6,2,58040,24,-1,-1,0
6,3,22,16,-1,-1,0
17,1158,53,-1,-1,-1,6
6,2,58040,24,-1,-1,0
6,3,22,16,-1,-1,0
17,1188,53,-1,-1,-1,6
6,2,58040,24,-1,-1,0
6,2,22,16,-1,-1,0
17,1178,53,-1,-1,-1,6
6,2,58040,24,-1,-1,0
6,3,22,16,-1,-1,0
17,1187,53,-1,-1,-1,6
6,2,58040,24,-1,-1,0
6,2,22,16,-1,-1,0
17,1187,53,-1,-1,-1,6
6,2,58040,24,-1,-1,0
6,2,22,16,-1,-1,0
17,1191,53,-1,-1,-1,6
6,2,58040,24,-1,-1,0
6,2,22,16,-1,-1,0
17,1179,53,-1,-1,-1,6
6,2,58040,24,-1,-1,0
6,2,22,16,-1,-1,0
17,1180,53,-1,-1,-1,6
6,2,58040,24,-1,-1,0
6,2,22,16,-1,-1,0
17,1162,53,-1,-1,-1,6
6,2,58040,24,-1,-1,0
6,2,22,16,-1,-1,0
6,4,902,16,-1,-1,0
6,13,58085,16,-1,-1,0
17,944,53,-1,-1,-1,6
6,32,902,24,-1,-1,0
6,32,58085,24,-1,-1,0
6,2,58085,16,-1,-1,0
17,942,53,-1,-1,-1,6
6,3,902,24,-1,-1,0
6,9,58040,24,-1,-1,0
6,3,22,16,-1,-1,0
6,3,58085,24,-1,-1,0
6,1,58040,24,-1,-1,0
17,936,53,-1,-1,-1,6
6,2,902,24,-1,-1,0
6,2,58085,16,-1,-1,0
6,3,22,16,-1,-1,0
6,2,58085,24,-1,-1,0
6,5,58040,24,-1,-1,0
17,942,53,-1,-1,-1,6
6,3,902,24,-1,-1,0
6,2,58085,16,-1,-1,0
6,2,22,16,-1,-1,0
6,3,58085,24,-1,-1,0
6,6,58040,24,-1,-1,0
17,934,53,-1,-1,-1,6
6,2,902,24,-1,-1,0
6,1,58085,16,-1,-1,0
6,3,22,16,-1,-1,0
6,3,58085,24,-1,-1,0
6,6,58040,24,-1,-1,0
17,949,53,-1,-1,-1,6
6,3,902,24,-1,-1,0
6,2,58085,16,-1,-1,0
6,3,22,16,-1,-1,0
6,2,58085,24,-1,-1,0
6,6,58040,24,-1,-1,0
17,942,53,-1,-1,-1,6
6,3,902,24,-1,-1,0
6,2,58085,16,-1,-1,0
6,3,22,16,-1,-1,0
6,3,58085,24,-1,-1,0
6,6,58040,24,-1,-1,0
17,939,53,-1,-1,-1,6
6,2,902,24,-1,-1,0
6,1,58085,16,-1,-1,0
6,3,22,16,-1,-1,0
6,4,58085,24,-1,-1,0
6,6,58040,24,-1,-1,0
17,946,53,-1,-1,-1,6
6,3,902,24,-1,-1,0
6,1,902,16,-1,-1,0
6,2,58085,16,-1,-1,0
6,1,22,16,-1,-1,0
6,1,58085,24,-1,-1,0
6,7,58040,24,-1,-1,0
17,950,53,-1,-1,-1,6
6,2,22,16,-1,-1,0
6,5,58040,24,-1,-1,0
17,931,53,-1,-1,-1,6
6,2,22,16,-1,-1,0
6,4,58040,24,-1,-1,0
17,926,53,-1,-1,-1,6
6,3,22,16,-1,-1,0
6,4,58040,24,-1,-1,0
17,955,53,-1,-1,-1,6
6,2,22,16,-1,-1,0
6,4,58040,24,-1,-1,0
17,932,53,-1,-1,-1,6
6,3,22,16,-1,-1,0
6,4,58040,24,-1,-1,0
17,955,53,-1,-1,-1,6
6,2,22,16,-1,-1,0
6,4,58040,24,-1,-1,0
17,959,53,-1,-1,-1,6
6,3,22,16,-1,-1,0
6,4,58040,24,-1,-1,0
17,957,53,-1,-1,-1,6
6,2,22,16,-1,-1,0
6,4,58040,24,-1,-1,0
17,932,53,-1,-1,-1,6
6,3,22,16,-1,-1,0
6,4,58040,24,-1,-1,0
6,1,58118,24,-1,-1,0
17,2,53,-1,-1,-1,0
6,2,443,24,-1,-1,0
17,1,56241,-1,-1,-1,0
6,3,80,16,-1,-1,0
6,1,58118,18,-1,-1,0
6,2,58118,16,-1,-1,0
6,1,51789,16,-1,-1,0
17,958,53,-1,-1,-1,6
6,1,80,24,-1,-1,0
6,1,51789,24,-1,-1,0
17,1,58558,-1,-1,-1,0
6,1,443,16,-1,-1,0
6,1,-1,2,-1,1,0
6,2,22,16,-1,-1,0
6,5,58040,24,-1,-1,0
17,958,53,-1,-1,-1,6
6,3,22,16,-1,-1,0
6,5,58040,24,-1,-1,0
17,959,53,-1,-1,-1,6
6,2,22,16,-1,-1,0
6,4,58040,24,-1,-1,0
17,949,53,-1,-1,-1,6
6,2,22,16,-1,-1,0
6,3,58040,24,-1,-1,0
17,958,53,-1,-1,-1,6
6,3,22,16,-1,-1,0
6,4,58040,24,-1,-1,0
6,1,58040,16,-1,-1,0
17,919,53,-1,-1,-1,6
6,2,22,24,-1,-1,0
6,3,22,16,-1,-1,0
6,3,58040,24,-1,-1,0
17,952,53,-1,-1,-1,6
6,3,22,16,-1,-1,0
6,3,58040,24,-1,-1,0
17,958,53,-1,-1,-1,6
6,3,22,16,-1,-1,0
6,3,58040,24,-1,-1,0
17,961,53,-1,-1,-1,6
6,3,22,16,-1,-1,0
6,3,58040,24,-1,-1,0
17,960,53,-1,-1,-1,6
6,3,22,16,-1,-1,0
6,3,58040,24,-1,-1,0
6,2,902,24,-1,-1,0
6,1,58085,16,-1,-1,0
17,932,53,-1,-1,-1,6
6,3,22,16,-1,-1,0
6,2,58085,24,-1,-1,0
6,3,58040,24,-1,-1,0
17,926,53,-1,-1,-1,6
6,4,22,16,-1,-1,0
6,3,58040,24,-1,-1,0
17,938,53,-1,-1,-1,6
6,3,22,16,-1,-1,0
6,3,58040,24,-1,-1,0
17,959,53,-1,-1,-1,6
6,3,22,16,-1,-1,0
6,3,58040,24,-1,-1,0
17,961,53,-1,-1,-1,6
6,3,22,16,-1,-1,0
6,3,58040,24,-1,-1,0
17,959,53,-1,-1,-1,6
6,3,22,16,-1,-1,0
6,3,58040,24,-1,-1,0
17,958,53,-1,-1,-1,6
6,4,22,16,-1,-1,0
6,3,58040,24,-1,-1,0
17,958,53,-1,-1,-1,6
6,3,22,16,-1,-1,0
6,3,58040,24,-1,-1,0
17,960,53,-1,-1,-1,6
6,3,22,16,-1,-1,0
6,3,58040,24,-1,-1,0
17,914,53,-1,-1,-1,6
6,3,22,16,-1,-1,0
6,3,58040,24,-1,-1,0
17,920,53,-1,-1,-1,6
6,2,22,16,-1,-1,0
6,3,58040,24,-1,-1,0
17,939,53,-1,-1,-1,6
6,3,22,16,-1,-1,0
6,3,58040,24,-1,-1,0
17,949,53,-1,-1,-1,6
6,3,22,16,-1,-1,0
6,1,5228,16,-1,-1,0
6,3,58040,24,-1,-1,0
17,917,53,-1,-1,-1,6
6,1,51823,16,-1,-1,0
6,3,22,16,-1,-1,0
6,1,58040,24,-1,-1,0
17,930,53,-1,-1,-1,6
6,3,22,16,-1,-1,0
6,3,58040,24,-1,-1,0
17,903,53,-1,-1,-1,6
6,4,22,16,-1,-1,0
6,3,58040,24,-1,-1,0
17,948,53,-1,-1,-1,6
6,3,22,16,-1,-1,0
6,3,58040,24,-1,-1,0
17,957,53,-1,-1,-1,6
6,3,22,16,-1,-1,0
6,3,58040,24,-1,-1,0
17,931,53,-1,-1,-1,6
6,3,22,16,-1,-1,0
6,3,58040,24,-1,-1,0
17,942,53,-1,-1,-1,6
6,4,22,16,-1,-1,0
6,3,58040,24,-1,-1,0
17,913,53,-1,-1,-1,6
6,3,22,16,-1,-1,0
6,3,58040,24,-1,-1,0
17,944,53,-1,-1,-1,6
6,3,22,16,-1,-1,0
6,3,58040,24,-1,-1,0
17,959,53,-1,-1,-1,6
6,4,22,16,-1,-1,0
6,3,58040,24,-1,-1,0
17,912,53,-1,-1,-1,6
6,3,22,16,-1,-1,0
6,3,58040,24,-1,-1,0
17,937,53,-1,-1,-1,6
6,3,22,16,-1,-1,0
6,3,58040,24,-1,-1,0
17,959,53,-1,-1,-1,6
6,3,22,16,-1,-1,0
6,3,58040,24,-1,-1,0
17,950,53,-1,-1,-1,6
6,3,22,16,-1,-1,0
6,3,58040,24,-1,-1,0
17,934,53,-1,-1,-1,6
6,3,22,16,-1,-1,0
6,3,58040,24,-1,-1,0
17,931,53,-1,-1,-1,6
6,3,22,16,-1,-1,0
6,3,58040,24,-1,-1,0
6,1,58040,16,-1,-1,0
17,941,53,-1,-1,-1,6
6,1,22,24,-1,-1,0
6,3,22,16,-1,-1,0
6,3,58040,24,-1,-1,0
6,1,58119,17,-1,-1,0
6,1,58119,16,-1,-1,0
6,1,58119,24,-1,-1,0
6,1,-1,2,-1,1,0
6,2,80,16,-1,-1,0
6,1,80,17,-1,-1,0
17,960,53,-1,-1,-1,6
6,3,22,16,-1,-1,0
6,1,80,24,-1,-1,0
6,1,58119,18,-1,-1,0
6,3,58040,24,-1,-1,0
17,957,53,-1,-1,-1,6
6,3,22,16,-1,-1,0
6,3,58040,24,-1,-1,0
17,963,53,-1,-1,-1,6
6,3,22,16,-1,-1,0
6,3,58040,24,-1,-1,0
6,1,58040,16,-1,-1,0
17,955,53,-1,-1,-1,6
6,1,22,24,-1,-1,0
6,3,22,16,-1,-1,0
6,3,58040,24,-1,-1,0
17,929,53,-1,-1,-1,6
6,3,22,16,-1,-1,0
6,3,58040,24,-1,-1,0
17,939,53,-1,-1,-1,6
6,3,22,16,-1,-1,0
17,792,53,-1,-1,-1,6
6,1,902,24,-1,-1,0
6,1,58085,24,-1,-1,0
6,1,58085,16,-1,-1,0
6,4,902,24,-1,-1,0
6,4,58085,24,-1,-1,0
6,2,58085,16,-1,-1,0
17,799,53,-1,-1,-1,6
6,7,58040,24,-1,-1,0
6,3,22,16,-1,-1,0
6,1,58040,24,-1,-1,0
6,2,58085,24,-1,-1,0
6,1,58085,16,-1,-1,0
17,802,53,-1,-1,-1,6
6,1,902,24,-1,-1,0
6,3,22,16,-1,-1,0
6,3,58040,24,-1,-1,0
6,1,58040,16,-1,-1,0
6,3,58085,24,-1,-1,0
6,2,58085,16,-1,-1,0
17,798,53,-1,-1,-1,6
6,1,902,16,-1,-1,0
6,1,22,24,-1,-1,0
6,4,902,24,-1,-1,0
6,3,22,16,-1,-1,0
6,3,58040,24,-1,-1,0
6,3,58085,24,-1,-1,0
6,2,58085,16,-1,-1,0
17,798,53,-1,-1,-1,6
6,3,902,24,-1,-1,0
6,3,22,16,-1,-1,0
6,3,58040,24,-1,-1,0
6,1,80,16,-1,-1,0
6,3,58085,24,-1,-1,0
6,1,58085,16,-1,-1,0
6,1,80,17,-1,-1,0
17,797,53,-1,-1,-1,6
6,1,902,16,-1,-1,0
6,3,902,24,-1,-1,0
6,3,22,16,-1,-1,0
6,1,58118,17,-1,-1,0
6,3,58040,24,-1,-1,0
6,2,58085,24,-1,-1,0
6,2,58085,16,-1,-1,0
17,804,53,-1,-1,-1,6
6,2,902,24,-1,-1,0
6,4,22,16,-1,-1,0
6,3,58040,24,-1,-1,0
6,3,58085,24,-1,-1,0
6,2,58085,16,-1,-1,0
17,794,53,-1,-1,-1,6
6,1,902,16,-1,-1,0
6,3,902,24,-1,-1,0
6,2,22,16,-1,-1,0
6,4,58040,24,-1,-1,0
6,4,58085,24,-1,-1,0
6,1,58085,16,-1,-1,0
17,800,53,-1,-1,-1,6
6,2,902,24,-1,-1,0
6,3,22,16,-1,-1,0
6,9,58040,24,-1,-1,0
17,805,53,-1,-1,-1,6
6,4,22,16,-1,-1,0
6,4,58040,24,-1,-1,0
17,807,53,-1,-1,-1,6
6,3,22,16,-1,-1,0
6,4,58040,24,-1,-1,0
17,807,53,-1,-1,-1,6
6,3,22,16,-1,-1,0
6,4,58040,24,-1,-1,0
17,812,53,-1,-1,-1,6
6,3,22,16,-1,-1,0
6,5,58040,24,-1,-1,0
17,811,53,-1,-1,-1,6
6,1,51823,16,-1,-1,0
6,2,22,16,-1,-1,0
6,1,5228,16,-1,-1,0
6,6,58040,24,-1,-1,0
17,812,53,-1,-1,-1,6
6,2,22,16,-1,-1,0
6,4,58040,24,-1,-1,0
6,2,58085,24,-1,-1,0
6,1,58085,16,-1,-1,0
17,803,53,-1,-1,-1,6
6,2,902,24,-1,-1,0
6,3,22,16,-1,-1,0
6,4,58040,24,-1,-1,0
17,811,53,-1,-1,-1,6
6,2,22,16,-1,-1,0
6,4,58040,24,-1,-1,0
17,812,53,-1,-1,-1,6
6,3,22,16,-1,-1,0
6,4,58040,24,-1,-1,0
17,814,53,-1,-1,-1,6
6,2,22,16,-1,-1,0
6,4,58040,24,-1,-1,0
17,811,53,-1,-1,-1,6
6,2,22,16,-1,-1,0
6,4,58040,24,-1,-1,0
17,811,53,-1,-1,-1,6
6,2,22,16,-1,-1,0
6,4,58040,24,-1,-1,0
17,807,53,-1,-1,-1,6
6,2,22,16,-1,-1,0
6,4,58040,24,-1,-1,0
17,810,53,-1,-1,-1,6
6,3,22,16,-1,-1,0
6,4,58040,24,-1,-1,0
6,2,58085,24,-1,-1,0
6,14,58085,16,-1,-1,0
17,804,53,-1,-1,-1,6
6,32,902,24,-1,-1,0
6,2,22,16,-1,-1,0
6,5,58040,24,-1,-1,0
6,4,58085,24,-1,-1,0
6,6,58085,16,-1,-1,0
17,805,53,-1,-1,-1,6
6,2,902,16,-1,-1,0
6,4,902,24,-1,-1,0
6,3,22,16,-1,-1,0
6,5,58040,24,-1,-1,0
6,2,5228,17,-1,-1,0
17,810,53,-1,-1,-1,6
6,3,22,16,-1,-1,0
6,1,51823,4,-1,-1,0
6,7,58040,24,-1,-1,0
17,815,53,-1,-1,-1,6
6,3,22,16,-1,-1,0
6,4,58040,24,-1,-1,0
17,810,53,-1,-1,-1,6
6,4,22,16,-1,-1,0
6,4,58040,24,-1,-1,0
17,806,53,-1,-1,-1,6
6,2,22,16,-1,-1,0
6,4,58040,24,-1,-1,0
17,805,53,-1,-1,-1,6
6,2,22,16,-1,-1,0
6,4,58040,24,-1,-1,0
17,807,53,-1,-1,-1,6
6,2,22,16,-1,-1,0
6,4,58040,24,-1,-1,0
17,807,53,-1,-1,-1,6
6,2,22,16,-1,-1,0
6,4,58040,24,-1,-1,0
17,806,53,-1,-1,-1,6
6,3,22,16,-1,-1,0
6,4,58040,24,-1,-1,0
17,807,53,-1,-1,-1,6
6,2,22,16,-1,-1,0
6,4,58040,24,-1,-1,0
17,811,53,-1,-1,-1,6
6,2,22,16,-1,-1,0
6,4,58040,24,-1,-1,0
17,810,53,-1,-1,-1,6
6,2,22,16,-1,-1,0
6,4,58040,24,-1,-1,0
17,808,53,-1,-1,-1,6
6,2,22,16,-1,-1,0
6,4,58040,24,-1,-1,0
17,807,53,-1,-1,-1,6
6,2,22,16,-1,-1,0
6,4,58040,24,-1,-1,0
17,814,53,-1,-1,-1,6
6,3,22,16,-1,-1,0
6,4,58040,24,-1,-1,0
17,807,53,-1,-1,-1,6
6,2,22,16,-1,-1,0
6,4,58040,24,-1,-1,0
17,811,53,-1,-1,-1,6
6,2,22,16,-1,-1,0
6,4,58040,24,-1,-1,0
17,811,53,-1,-1,-1,6
6,3,22,16,-1,-1,0
6,4,58040,24,-1,-1,0
17,814,53,-1,-1,-1,6
6,2,22,16,-1,-1,0
6,4,58040,24,-1,-1,0
6,1,58085,24,-1,-1,0
6,6,58085,16,-1,-1,0
17,807,53,-1,-1,-1,6
6,11,902,24,-1,-1,0
6,2,22,16,-1,-1,0
6,7,58040,24,-1,-1,0
6,1,80,17,-1,-1,0
6,1,58120,17,-1,-1,0
6,1,22,24,-1,-1,0
6,3,22,16,-1,-1,0
6,1,58120,16,-1,-1,0
6,1,58120,18,-1,-1,0
6,1,-1,2,-1,1,0
17,812,53,-1,-1,-1,6
6,2,80,16,-1,-1,0
6,1,58120,24,-1,-1,0
6,1,58040,16,-1,-1,0
6,1,80,24,-1,-1,0
6,11,58040,24,-1,-1,0
6,1,80,17,-1,-1,0
6,1,58120,17,-1,-1,0
6,6,22,16,-1,-1,0
6,1,58120,16,-1,-1,0
6,1,58120,18,-1,-1,0
6,1,-1,2,-1,1,0
17,807,53,-1,-1,-1,6
6,2,80,16,-1,-1,0
6,1,58120,24,-1,-1,0
6,1,80,24,-1,-1,0
6,7,58040,24,-1,-1,0
6,3,22,16,-1,-1,0
17,809,53,-1,-1,-1,6
6,4,58040,24,-1,-1,0
6,1,22,24,-1,-1,0
6,2,22,16,-1,-1,0
17,810,53,-1,-1,-1,6
6,1,58040,16,-1,-1,0
6,7,58040,24,-1,-1,0
6,3,22,16,-1,-1,0
17,810,53,-1,-1,-1,6
17,640,53,-1,-1,-1,6
6,5,902,16,-1,-1,0
6,10,58085,16,-1,-1,0
6,31,902,24,-1,-1,0
6,33,58085,24,-1,-1,0
6,11,58040,24,-1,-1,0
17,644,53,-1,-1,-1,6
6,2,22,16,-1,-1,0
6,9,902,24,-1,-1,0
6,7,58085,24,-1,-1,0
6,5,58085,16,-1,-1,0
6,1,902,16,-1,-1,0
6,7,58040,24,-1,-1,0
17,640,53,-1,-1,-1,6
6,3,902,24,-1,-1,0
6,3,58085,24,-1,-1,0
6,2,22,16,-1,-1,0
6,2,58085,16,-1,-1,0
6,7,58040,24,-1,-1,0
17,639,53,-1,-1,-1,6
6,2,902,24,-1,-1,0
6,4,58085,24,-1,-1,0
6,3,22,16,-1,-1,0
6,1,58085,16,-1,-1,0
6,7,58040,24,-1,-1,0
17,647,53,-1,-1,-1,6
6,2,22,16,-1,-1,0
6,1,22,24,-1,-1,0
6,3,902,24,-1,-1,0
6,1,58085,24,-1,-1,0
6,2,58085,16,-1,-1,0
6,1,58040,16,-1,-1,0
6,1,902,16,-1,-1,0
6,7,58040,24,-1,-1,0
17,640,53,-1,-1,-1,6
6,4,902,24,-1,-1,0
6,4,58085,24,-1,-1,0
6,3,22,16,-1,-1,0
6,2,58085,16,-1,-1,0
6,7,58040,24,-1,-1,0
17,638,53,-1,-1,-1,6
6,1,902,24,-1,-1,0
6,2,58085,24,-1,-1,0
6,4,22,16,-1,-1,0
6,1,58085,16,-1,-1,0
6,7,58040,24,-1,-1,0
17,645,53,-1,-1,-1,6
6,4,902,24,-1,-1,0
6,3,58085,24,-1,-1,0
6,3,22,16,-1,-1,0
6,2,58085,16,-1,-1,0
6,7,58040,24,-1,-1,0
17,640,53,-1,-1,-1,6
6,1,22,24,-1,-1,0
6,2,902,24,-1,-1,0
6,2,58085,24,-1,-1,0
6,3,22,16,-1,-1,0
6,1,58040,16,-1,-1,0
6,1,58085,16,-1,-1,0
6,7,58040,24,-1,-1,0
17,650,53,-1,-1,-1,6
6,1,902,24,-1,-1,0
6,3,22,16,-1,-1,0
6,1,58085,16,-1,-1,0
17,650,53,-1,-1,-1,6
6,7,58040,24,-1,-1,0
6,4,22,16,-1,-1,0
6,2,58040,24,-1,-1,0
17,648,53,-1,-1,-1,6
6,2,22,16,-1,-1,0
6,4,58040,24,-1,-1,0
17,651,53,-1,-1,-1,6
6,3,22,16,-1,-1,0
6,4,58040,24,-1,-1,0
17,651,53,-1,-1,-1,6
6,2,22,16,-1,-1,0
6,4,58040,24,-1,-1,0
17,650,53,-1,-1,-1,6
6,2,22,16,-1,-1,0
6,4,58040,24,-1,-1,0
17,649,53,-1,-1,-1,6
6,3,22,16,-1,-1,0
6,4,58040,24,-1,-1,0
17,650,53,-1,-1,-1,6
6,2,22,16,-1,-1,0
6,4,58040,24,-1,-1,0
6,2,902,24,-1,-1,0
6,2,58085,24,-1,-1,0
17,649,53,-1,-1,-1,6
6,2,22,16,-1,-1,0
6,1,58085,16,-1,-1,0
6,7,58040,24,-1,-1,0
17,649,53,-1,-1,-1,6
6,4,22,16,-1,-1,0
6,4,58040,24,-1,-1,0
17,651,53,-1,-1,-1,6
6,2,22,16,-1,-1,0
6,4,58040,24,-1,-1,0
17,647,53,-1,-1,-1,6
6,2,22,16,-1,-1,0
6,4,58040,24,-1,-1,0
17,649,53,-1,-1,-1,6
6,2,22,16,-1,-1,0
6,4,58040,24,-1,-1,0
17,649,53,-1,-1,-1,6
6,2,22,16,-1,-1,0
6,4,58040,24,-1,-1,0
17,651,53,-1,-1,-1,6
6,3,22,16,-1,-1,0
6,4,58040,24,-1,-1,0
17,646,53,-1,-1,-1,6
6,2,22,16,-1,-1,0
6,5,58040,24,-1,-1,0
17,652,53,-1,-1,-1,6
6,4,22,16,-1,-1,0
6,4,58040,24,-1,-1,0
17,650,53,-1,-1,-1,6
6,2,22,16,-1,-1,0
6,4,58040,24,-1,-1,0
17,652,53,-1,-1,-1,6
6,2,22,16,-1,-1,0
6,4,58040,24,-1,-1,0
17,652,53,-1,-1,-1,6
6,2,22,16,-1,-1,0
6,4,58040,24,-1,-1,0
17,651,53,-1,-1,-1,6
6,2,22,16,-1,-1,0
6,4,58040,24,-1,-1,0
17,648,53,-1,-1,-1,6
6,3,22,16,-1,-1,0
6,4,58040,24,-1,-1,0
17,653,53,-1,-1,-1,6
6,2,22,16,-1,-1,0
6,4,58040,24,-1,-1,0
17,650,53,-1,-1,-1,6
6,2,22,16,-1,-1,0
6,5,58040,24,-1,-1,0
17,652,53,-1,-1,-1,6
6,2,22,16,-1,-1,0
6,4,58040,24,-1,-1,0
17,651,53,-1,-1,-1,6
6,2,22,16,-1,-1,0
6,4,58040,24,-1,-1,0
17,650,53,-1,-1,-1,6
6,3,22,16,-1,-1,0
6,4,58040,24,-1,-1,0
17,648,53,-1,-1,-1,6
6,2,22,16,-1,-1,0
6,4,58040,24,-1,-1,0
6,1,22,24,-1,-1,0
17,651,53,-1,-1,-1,6
6,2,22,16,-1,-1,0
6,1,58040,16,-1,-1,0
6,5,58040,24,-1,-1,0
17,648,53,-1,-1,-1,6
6,4,22,16,-1,-1,0
6,4,58040,24,-1,-1,0
17,651,53,-1,-1,-1,6
6,2,22,16,-1,-1,0
6,4,58040,24,-1,-1,0
17,648,53,-1,-1,-1,6
6,3,22,16,-1,-1,0
6,31,902,24,-1,-1,0
6,31,58085,24,-1,-1,0
17,560,53,-1,-1,-1,6
6,4,902,16,-1,-1,0
6,14,58085,16,-1,-1,0
6,5,58085,16,-1,-1,0
6,3,902,16,-1,-1,0
6,11,902,24,-1,-1,0
6,3,22,16,-1,-1,0
6,11,58085,24,-1,-1,0
17,564,53,-1,-1,-1,6
6,9,58040,24,-1,-1,0
6,1,58085,16,-1,-1,0
6,1,902,24,-1,-1,0
6,5,22,16,-1,-1,0
6,1,58085,24,-1,-1,0
17,558,53,-1,-1,-1,6
6,1,58040,24,-1,-1,0
6,1,58085,16,-1,-1,0
6,2,902,24,-1,-1,0
6,3,22,16,-1,-1,0
6,4,58085,24,-1,-1,0
17,563,53,-1,-1,-1,6
6,1,58040,24,-1,-1,0
6,2,58085,16,-1,-1,0
6,2,902,16,-1,-1,0
6,3,902,24,-1,-1,0
6,3,58085,24,-1,-1,0
17,556,53,-1,-1,-1,6
6,1,22,16,-1,-1,0
6,1,58040,24,-1,-1,0
6,2,58085,16,-1,-1,0
6,1,902,16,-1,-1,0
6,3,22,16,-1,-1,0
6,3,902,24,-1,-1,0
6,3,58085,24,-1,-1,0
17,556,53,-1,-1,-1,6
6,1,58040,24,-1,-1,0
6,2,58085,16,-1,-1,0
6,3,902,24,-1,-1,0
6,3,22,16,-1,-1,0
6,3,58085,24,-1,-1,0
17,566,53,-1,-1,-1,6
6,1,58040,24,-1,-1,0
6,2,58085,16,-1,-1,0
6,3,902,24,-1,-1,0
6,3,22,16,-1,-1,0
6,3,58085,24,-1,-1,0
17,564,53,-1,-1,-1,6
6,1,58040,24,-1,-1,0
6,1,58085,16,-1,-1,0
6,2,902,24,-1,-1,0
6,3,22,16,-1,-1,0
6,2,58085,24,-1,-1,0
17,566,53,-1,-1,-1,6
6,1,58040,24,-1,-1,0
6,1,58085,16,-1,-1,0
6,1,902,16,-1,-1,0
6,2,902,24,-1,-1,0
6,3,22,16,-1,-1,0
6,2,58085,24,-1,-1,0
17,573,53,-1,-1,-1,6
6,1,58040,24,-1,-1,0
6,3,22,16,-1,-1,0
17,571,53,-1,-1,-1,6
6,1,58040,24,-1,-1,0
6,2,22,16,-1,-1,0
17,575,53,-1,-1,-1,6
6,1,58040,24,-1,-1,0
6,2,22,16,-1,-1,0
17,573,53,-1,-1,-1,6
6,2,22,16,-1,-1,0
17,576,53,-1,-1,-1,6
6,8,58040,24,-1,-1,0
6,4,22,16,-1,-1,0
17,574,53,-1,-1,-1,6
6,1,22,24,-1,-1,0
6,2,22,16,-1,-1,0
17,576,53,-1,-1,-1,6
6,1,58040,16,-1,-1,0
6,8,58040,24,-1,-1,0
6,4,22,16,-1,-1,0
17,574,53,-1,-1,-1,6
6,1,58040,24,-1,-1,0
6,2,22,16,-1,-1,0
17,567,53,-1,-1,-1,6
6,4,22,16,-1,-1,0
17,563,53,-1,-1,-1,6
6,8,58040,24,-1,-1,0
6,2,22,16,-1,-1,0
17,571,53,-1,-1,-1,6
6,34,58085,16,-1,-1,0
6,81,902,24,-1,-1,0
6,3,22,16,-1,-1,0
6,1,58085,24,-1,-1,0
17,573,53,-1,-1,-1,6
6,8,58040,24,-1,-1,0
6,1,58085,16,-1,-1,0
6,3,22,16,-1,-1,0
17,576,53,-1,-1,-1,6
6,1,58040,24,-1,-1,0
6,1,22,24,-1,-1,0
6,4,22,16,-1,-1,0
17,574,53,-1,-1,-1,6
6,1,58040,16,-1,-1,0
6,1,58040,24,-1,-1,0
6,2,22,16,-1,-1,0
17,574,53,-1,-1,-1,6
6,1,58040,24,-1,-1,0
6,1,58085,16,-1,-1,0
6,2,902,24,-1,-1,0
6,3,22,16,-1,-1,0
6,2,58085,24,-1,-1,0
17,571,53,-1,-1,-1,6
6,3,22,16,-1,-1,0
17,575,53,-1,-1,-1,6
6,11,58040,24,-1,-1,0
6,2,22,16,-1,-1,0
17,575,53,-1,-1,-1,6
6,1,22,24,-1,-1,0
6,2,22,16,-1,-1,0
17,575,53,-1,-1,-1,6
6,1,58040,16,-1,-1,0
6,8,58040,24,-1,-1,0
6,4,22,16,-1,-1,0
17,573,53,-1,-1,-1,6
6,1,58040,24,-1,-1,0
6,2,22,16,-1,-1,0
17,572,53,-1,-1,-1,6
6,3,22,16,-1,-1,0
17,576,53,-1,-1,-1,6
6,8,58040,24,-1,-1,0
6,2,22,16,-1,-1,0
17,575,53,-1,-1,-1,6
6,2,22,24,-1,-1,0
6,3,22,16,-1,-1,0
17,571,53,-1,-1,-1,6
6,2,58040,16,-1,-1,0
6,9,58040,24,-1,-1,0
6,3,22,16,-1,-1,0
17,576,53,-1,-1,-1,6
6,1,58040,24,-1,-1,0
6,2,22,16,-1,-1,0
17,570,53,-1,-1,-1,6
6,3,22,16,-1,-1,0
17,561,53,-1,-1,-1,6
6,8,58040,24,-1,-1,0
6,2,22,16,-1,-1,0
17,566,53,-1,-1,-1,6
6,2,22,16,-1,-1,0
17,573,53,-1,-1,-1,6
6,8,58040,24,-1,-1,0
6,2,22,16,-1,-1,0
17,574,53,-1,-1,-1,6
6,3,22,16,-1,-1,0
17,576,53,-1,-1,-1,6
6,8,58040,24,-1,-1,0
6,2,22,16,-1,-1,0
17,572,53,-1,-1,-1,6
6,3,22,16,-1,-1,0
17,575,53,-1,-1,-1,6
6,8,58040,24,-1,-1,0
6,2,22,16,-1,-1,0
17,572,53,-1,-1,-1,6
6,2,22,16,-1,-1,0
17,571,53,-1,-1,-1,6
6,8,58040,24,-1,-1,0
6,2,22,16,-1,-1,0
17,573,53,-1,-1,-1,6
6,3,22,16,-1,-1,0
17,574,53,-1,-1,-1,6
6,9,58040,24,-1,-1,0
6,2,22,16,-1,-1,0
17,569,53,-1,-1,-1,6
6,3,22,16,-1,-1,0
17,559,53,-1,-1,-1,6
6,8,58040,24,-1,-1,0
6,2,22,16,-1,-1,0
17,564,53,-1,-1,-1,6
6,1,58085,16,-1,-1,0
6,1,902,24,-1,-1,0
17,532,53,-1,-1,-1,6
6,1,58085,24,-1,-1,0
6,4,902,24,-1,-1,0
6,1,902,16,-1,-1,0
6,3,22,16,-1,-1,0
6,1,22,24,-1,-1,0
6,2,58085,16,-1,-1,0
6,1,58040,16,-1,-1,0
6,9,58040,24,-1,-1,0
17,533,53,-1,-1,-1,6
6,4,58085,24,-1,-1,0
6,2,902,24,-1,-1,0
6,3,22,16,-1,-1,0
6,1,58085,16,-1,-1,0
6,1,58040,24,-1,-1,0
17,533,53,-1,-1,-1,6
6,3,58085,24,-1,-1,0
6,3,902,24,-1,-1,0
6,3,22,16,-1,-1,0
6,2,58085,16,-1,-1,0
6,1,58040,24,-1,-1,0
17,529,53,-1,-1,-1,6
6,2,58085,24,-1,-1,0
6,3,902,24,-1,-1,0
6,3,22,16,-1,-1,0
6,2,58085,16,-1,-1,0
6,1,58040,24,-1,-1,0
17,528,53,-1,-1,-1,6
6,3,58085,24,-1,-1,0
6,2,902,24,-1,-1,0
6,3,22,16,-1,-1,0
6,1,58085,16,-1,-1,0
6,1,58040,24,-1,-1,0
17,521,53,-1,-1,-1,6
6,3,58085,24,-1,-1,0
6,3,902,24,-1,-1,0
6,4,22,16,-1,-1,0
6,2,58085,16,-1,-1,0
6,1,58040,24,-1,-1,0
17,532,53,-1,-1,-1,6
6,2,58085,24,-1,-1,0
6,1,58085,16,-1,-1,0
6,2,58085,24,-1,-1,0
17,474,53,-1,-1,-1,0
17,479,53,-1,-1,-1,0
6,4,902,24,-1,-1,0
6,2,58085,16,-1,-1,0
6,3,22,16,-1,-1,0
6,1,58040,24,-1,-1,0
6,2,58085,24,-1,-1,0
17,484,53,-1,-1,-1,0
6,3,902,24,-1,-1,0
6,2,58085,16,-1,-1,0
6,3,22,16,-1,-1,0
6,2,58040,24,-1,-1,0
6,4,58085,24,-1,-1,0
17,484,53,-1,-1,-1,0
6,4,902,24,-1,-1,0
6,1,58085,16,-1,-1,0
6,2,22,16,-1,-1,0
6,2,58040,24,-1,-1,0
6,2,58085,24,-1,-1,0
17,480,53,-1,-1,-1,0
6,1,902,24,-1,-1,0
6,1,58085,16,-1,-1,0
6,2,22,16,-1,-1,0
6,3,58040,24,-1,-1,0
6,1,58085,24,-1,-1,0
17,491,53,-1,-1,-1,0
6,2,902,24,-1,-1,0
6,3,22,16,-1,-1,0
6,3,58040,24,-1,-1,0
17,491,53,-1,-1,-1,0
6,2,22,16,-1,-1,0
6,3,58040,24,-1,-1,0
17,487,53,-1,-1,-1,0
6,2,22,16,-1,-1,0
6,2,58040,24,-1,-1,0
17,488,53,-1,-1,-1,0
6,3,22,16,-1,-1,0
6,3,58040,24,-1,-1,0
17,480,53,-1,-1,-1,0
6,2,22,16,-1,-1,0
6,2,58040,24,-1,-1,0
17,490,53,-1,-1,-1,0
6,3,22,16,-1,-1,0
6,1,58040,24,-1,-1,0
17,491,53,-1,-1,-1,0
6,3,22,16,-1,-1,0
6,1,58040,24,-1,-1,0
17,490,53,-1,-1,-1,0
6,3,22,16,-1,-1,0
6,1,58040,24,-1,-1,0
17,487,53,-1,-1,-1,0
6,2,22,16,-1,-1,0
6,1,58040,24,-1,-1,0
17,491,53,-1,-1,-1,0
6,3,22,16,-1,-1,0
6,1,58040,24,-1,-1,0
17,491,53,-1,-1,-1,0
6,4,22,16,-1,-1,0
6,1,58040,24,-1,-1,0
17,491,53,-1,-1,-1,0
6,3,22,16,-1,-1,0
6,1,58040,24,-1,-1,0
17,491,53,-1,-1,-1,0
6,4,22,16,-1,-1,0
6,1,58040,24,-1,-1,0
17,489,53,-1,-1,-1,0
6,3,22,16,-1,-1,0
6,1,58040,24,-1,-1,0
17,487,53,-1,-1,-1,0
6,3,22,16,-1,-1,0
6,1,58040,24,-1,-1,0
17,488,53,-1,-1,-1,0
6,3,22,16,-1,-1,0
6,1,58040,24,-1,-1,0
17,484,53,-1,-1,-1,0
6,3,22,16,-1,-1,0
6,1,58040,24,-1,-1,0
17,478,53,-1,-1,-1,0
6,3,22,16,-1,-1,0
6,1,58040,24,-1,-1,0
17,490,53,-1,-1,-1,0
6,3,22,16,-1,-1,0
6,1,58040,24,-1,-1,0
17,479,53,-1,-1,-1,0
6,3,22,16,-1,-1,0
6,1,58040,24,-1,-1,0
17,489,53,-1,-1,-1,0
6,3,22,16,-1,-1,0
6,1,58040,24,-1,-1,0
17,489,53,-1,-1,-1,0
6,3,22,16,-1,-1,0
6,1,58040,24,-1,-1,0
17,479,53,-1,-1,-1,0
6,3,22,16,-1,-1,0
6,1,58040,24,-1,-1,0
17,479,53,-1,-1,-1,0
6,3,22,16,-1,-1,0
6,1,58040,24,-1,-1,0
17,490,53,-1,-1,-1,0
6,1,58040,24,-1,-1,0
6,1,58123,16,-1,-1,0
6,1,58123,24,-1,-1,0
17,482,53,-1,-1,-1,0
6,1,80,17,-1,-1,0
6,1,58123,17,-1,-1,0
6,1,58123,18,-1,-1,0
6,2,22,16,-1,-1,0
6,1,80,24,-1,-1,0
6,1,-1,2,-1,1,0
6,2,80,16,-1,-1,0
6,4,58040,24,-1,-1,0
17,483,53,-1,-1,-1,0
6,4,22,16,-1,-1,0
6,4,58040,24,-1,-1,0
17,478,53,-1,-1,-1,0
6,2,22,16,-1,-1,0
6,4,58040,24,-1,-1,0
17,479,53,-1,-1,-1,0
6,4,22,16,-1,-1,0
6,4,58040,24,-1,-1,0
17,480,53,-1,-1,-1,0
6,2,22,16,-1,-1,0
6,4,58040,24,-1,-1,0
17,480,53,-1,-1,-1,0
6,2,22,16,-1,-1,0
6,4,58040,24,-1,-1,0
17,487,53,-1,-1,-1,0
6,2,22,16,-1,-1,0
6,4,58040,24,-1,-1,0
17,489,53,-1,-1,-1,0
6,3,22,16,-1,-1,0
6,5,58040,24,-1,-1,0
17,483,53,-1,-1,-1,0
6,2,22,16,-1,-1,0
6,4,58040,24,-1,-1,0
17,479,53,-1,-1,-1,0
6,4,22,16,-1,-1,0
6,3,58040,24,-1,-1,0
17,488,53,-1,-1,-1,0
6,3,22,16,-1,-1,0
6,3,58040,24,-1,-1,0
17,480,53,-1,-1,-1,0
6,3,22,16,-1,-1,0
6,3,58040,24,-1,-1,0
17,477,53,-1,-1,-1,0
6,3,22,16,-1,-1,0
6,3,58040,24,-1,-1,0
17,480,53,-1,-1,-1,0
6,3,22,16,-1,-1,0
6,3,58040,24,-1,-1,0
17,487,53,-1,-1,-1,0
6,3,22,16,-1,-1,0
6,3,58040,24,-1,-1,0
17,481,53,-1,-1,-1,0
6,3,22,16,-1,-1,0
6,3,58040,24,-1,-1,0
17,488,53,-1,-1,-1,0
6,3,22,16,-1,-1,0
6,1,58085,16,-1,-1,0
6,4,58085,24,-1,-1,0
17,434,53,-1,-1,-1,0
6,2,902,24,-1,-1,0
6,2,58085,24,-1,-1,0
17,441,53,-1,-1,-1,0
6,4,902,24,-1,-1,0
6,7,58040,24,-1,-1,0
6,2,58085,16,-1,-1,0
6,3,22,16,-1,-1,0
6,1,902,16,-1,-1,0
6,3,58085,24,-1,-1,0
17,440,53,-1,-1,-1,0
6,3,902,24,-1,-1,0
6,1,58040,24,-1,-1,0
6,2,58085,16,-1,-1,0
6,3,22,16,-1,-1,0
6,4,58085,24,-1,-1,0
17,435,53,-1,-1,-1,0
6,2,902,24,-1,-1,0
6,1,58040,24,-1,-1,0
6,1,58085,16,-1,-1,0
6,3,22,16,-1,-1,0
6,1,58085,24,-1,-1,0
17,443,53,-1,-1,-1,0
6,3,902,24,-1,-1,0
6,1,58040,24,-1,-1,0
6,2,58085,16,-1,-1,0
6,2,22,16,-1,-1,0
6,4,58085,24,-1,-1,0
17,444,53,-1,-1,-1,0
6,4,902,24,-1,-1,0
6,1,58040,24,-1,-1,0
6,2,58085,16,-1,-1,0
6,3,22,16,-1,-1,0
6,2,58085,24,-1,-1,0
17,439,53,-1,-1,-1,0
6,2,902,24,-1,-1,0
6,1,58040,24,-1,-1,0
6,1,58085,16,-1,-1,0
6,3,22,16,-1,-1,0
6,1,902,16,-1,-1,0
6,3,58085,24,-1,-1,0
17,441,53,-1,-1,-1,0
6,3,902,24,-1,-1,0
6,1,58040,24,-1,-1,0
6,2,58085,16,-1,-1,0
6,4,22,16,-1,-1,0
6,2,58085,24,-1,-1,0
17,437,53,-1,-1,-1,0
6,1,902,24,-1,-1,0
6,1,58040,24,-1,-1,0
6,1,58085,16,-1,-1,0
6,2,22,16,-1,-1,0
6,1,58085,24,-1,-1,0
17,442,53,-1,-1,-1,0
6,2,902,24,-1,-1,0
6,1,58040,24,-1,-1,0
6,1,58085,16,-1,-1,0
6,4,22,16,-1,-1,0
17,444,53,-1,-1,-1,0
6,1,58040,24,-1,-1,0
6,3,22,16,-1,-1,0
17,442,53,-1,-1,-1,0
6,3,58040,24,-1,-1,0
6,4,22,16,-1,-1,0
17,447,53,-1,-1,-1,0
6,2,58040,24,-1,-1,0
6,2,22,16,-1,-1,0
17,448,53,-1,-1,-1,0
6,1,58040,24,-1,-1,0
6,3,22,16,-1,-1,0
17,440,53,-1,-1,-1,0
6,1,58040,24,-1,-1,0
6,4,22,16,-1,-1,0
17,439,53,-1,-1,-1,0
6,1,58040,24,-1,-1,0
6,3,22,16,-1,-1,0
17,439,53,-1,-1,-1,0
6,2,58040,24,-1,-1,0
6,2,22,16,-1,-1,0
17,448,53,-1,-1,-1,0
6,2,58040,24,-1,-1,0
6,4,22,16,-1,-1,0
17,446,53,-1,-1,-1,0
6,2,58040,24,-1,-1,0
6,3,22,16,-1,-1,0
17,444,53,-1,-1,-1,0
6,2,58040,24,-1,-1,0
6,2,22,16,-1,-1,0
17,443,53,-1,-1,-1,0
6,2,58040,24,-1,-1,0
6,2,22,16,-1,-1,0
17,447,53,-1,-1,-1,0
6,2,58040,24,-1,-1,0
6,2,22,16,-1,-1,0
17,447,53,-1,-1,-1,0
6,3,58040,24,-1,-1,0
6,2,22,16,-1,-1,0
17,446,53,-1,-1,-1,0
6,2,58040,24,-1,-1,0
6,2,22,16,-1,-1,0
17,447,53,-1,-1,-1,0
6,1,58040,24,-1,-1,0
6,4,22,16,-1,-1,0
17,447,53,-1,-1,-1,0
6,1,58040,24,-1,-1,0
6,3,22,16,-1,-1,0
17,446,53,-1,-1,-1,0
6,1,58040,24,-1,-1,0
6,3,22,16,-1,-1,0
17,447,53,-1,-1,-1,0
6,1,58040,24,-1,-1,0
6,3,22,16,-1,-1,0
17,447,53,-1,-1,-1,0
6,2,58040,24,-1,-1,0
6,3,22,16,-1,-1,0
17,447,53,-1,-1,-1,0
6,2,58040,24,-1,-1,0
6,3,22,16,-1,-1,0
17,443,53,-1,-1,-1,0
6,2,58040,24,-1,-1,0
6,1,58124,17,-1,-1,0
6,1,80,17,-1,-1,0
6,1,58124,18,-1,-1,0
6,2,80,16,-1,-1,0
6,1,58124,16,-1,-1,0
6,1,80,24,-1,-1,0
6,1,-1,2,-1,1,0
6,3,22,16,-1,-1,0
6,1,58124,24,-1,-1,0
17,448,53,-1,-1,-1,0
6,2,58040,24,-1,-1,0
6,2,22,16,-1,-1,0
17,442,53,-1,-1,-1,0
6,2,58040,24,-1,-1,0
6,4,22,16,-1,-1,0
17,447,53,-1,-1,-1,0
6,2,58040,24,-1,-1,0
6,3,22,16,-1,-1,0
17,446,53,-1,-1,-1,0
6,2,58040,24,-1,-1,0
6,3,22,16,-1,-1,0
17,441,53,-1,-1,-1,0
6,2,58040,24,-1,-1,0
6,3,22,16,-1,-1,0
17,432,53,-1,-1,-1,0
17,441,53,-1,-1,-1,0
6,2,902,16,-1,-1,0
6,2,22,16,-1,-1,0
6,25,58085,16,-1,-1,0
6,6,58040,24,-1,-1,0
6,5,58085,24,-1,-1,0
6,61,902,24,-1,-1,0
17,446,53,-1,-1,-1,0
6,4,22,16,-1,-1,0
6,1,58085,16,-1,-1,0
6,1,58040,24,-1,-1,0
17,439,53,-1,-1,-1,0
6,2,22,16,-1,-1,0
6,1,58040,24,-1,-1,0
17,450,53,-1,-1,-1,0
6,2,22,16,-1,-1,0
6,1,58040,24,-1,-1,0
17,446,53,-1,-1,-1,0
6,2,22,16,-1,-1,0
17,448,53,-1,-1,-1,0
6,4,22,16,-1,-1,0
6,4,51660,24,-1,-1,0
6,4,22,24,-1,-1,0
6,7,58040,24,-1,-1,0
17,448,53,-1,-1,-1,0
6,9,22,16,-1,-1,0
6,6,51660,24,-1,-1,0
6,7,22,24,-1,-1,0
6,14,51660,16,-1,-1,0
6,1,58040,24,-1,-1,0
17,448,53,-1,-1,-1,0
6,2,22,16,-1,-1,0
6,1,58040,24,-1,-1,0
17,446,53,-1,-1,-1,0
6,4,22,16,-1,-1,0
17,447,53,-1,-1,-1,0
6,2,22,16,-1,-1,0
6,8,58040,24,-1,-1,0
17,447,53,-1,-1,-1,0
6,2,22,16,-1,-1,0
17,445,53,-1,-1,-1,0
6,2,22,16,-1,-1,0
6,8,58040,24,-1,-1,0
17,442,53,-1,-1,-1,0
6,2,22,16,-1,-1,0
17,441,53,-1,-1,-1,0
6,3,22,16,-1,-1,0
6,8,58040,24,-1,-1,0
17,442,53,-1,-1,-1,0
6,1,22,16,-1,-1,0
6,1,58040,24,-1,-1,0
17,445,53,-1,-1,-1,0
6,2,22,16,-1,-1,0
17,442,53,-1,-1,-1,0
6,2,22,16,-1,-1,0
6,9,58040,24,-1,-1,0
17,446,53,-1,-1,-1,0
6,2,22,16,-1,-1,0
6,1,58085,24,-1,-1,0
17,448,53,-1,-1,-1,0
6,3,22,16,-1,-1,0
6,1,58085,16,-1,-1,0
6,7,58040,24,-1,-1,0
6,1,58085,24,-1,-1,0
6,2,902,24,-1,-1,0
17,450,53,-1,-1,-1,0
6,3,22,16,-1,-1,0
6,1,58040,24,-1,-1,0
17,447,53,-1,-1,-1,0
6,2,22,16,-1,-1,0
6,1,58040,24,-1,-1,0
17,450,53,-1,-1,-1,0
6,3,22,16,-1,-1,0
6,1,58040,24,-1,-1,0
17,447,53,-1,-1,-1,0
6,3,22,16,-1,-1,0
6,1,58040,24,-1,-1,0
17,447,53,-1,-1,-1,0
17,1052,53,-1,-1,-1,6
17,3407,53,-1,-1,-1,6
6,2,902,24,-1,-1,0
6,2,22,16,-1,-1,0
6,3,58040,24,-1,-1,0
17,3312,53,-1,-1,-1,6
6,1,902,16,-1,-1,0
6,1,22,16,-1,-1,0
6,9,58040,24,-1,-1,0
17,3302,53,-1,-1,-1,6
6,3,22,16,-1,-1,0
6,6,58040,24,-1,-1,0
17,3486,53,-1,-1,-1,6
6,1,902,16,-1,-1,0
6,1,22,16,-1,-1,0
6,8,58040,24,-1,-1,0
17,3191,53,-1,-1,-1,6
6,2,58040,24,-1,-1,0
17,3476,53,-1,-1,-1,6
6,1,22,16,-1,-1,0
6,2,58040,24,-1,-1,0
17,2787,53,-1,-1,-1,6
6,3,22,16,-1,-1,0
6,1,58040,24,-1,-1,0
17,3269,53,-1,-1,-1,6
17,3280,53,-1,-1,-1,6
6,1,22,16,-1,-1,0
6,1,58040,24,-1,-1,0
17,3380,53,-1,-1,-1,6
6,6,58040,24,-1,-1,0
17,3303,53,-1,-1,-1,6
6,1,58085,24,-1,-1,0
6,1,22,16,-1,-1,0
6,1,58040,24,-1,-1,0
17,3340,53,-1,-1,-1,6
6,1,902,24,-1,-1,0
6,2,22,16,-1,-1,0
6,8,58040,24,-1,-1,0
17,3302,53,-1,-1,-1,6
6,1,902,16,-1,-1,0
6,2,22,16,-1,-1,0
6,4,58040,24,-1,-1,0
17,3226,53,-1,-1,-1,6
6,2,22,16,-1,-1,0
6,5,58040,24,-1,-1,0
17,3324,53,-1,-1,-1,6
6,1,22,16,-1,-1,0
6,5,58040,24,-1,-1,0
17,3355,53,-1,-1,-1,6
6,1,22,16,-1,-1,0
6,1,58040,24,-1,-1,0
17,3257,53,-1,-1,-1,6
17,3378,53,-1,-1,-1,6
6,1,22,16,-1,-1,0
6,1,58040,24,-1,-1,0
17,3294,53,-1,-1,-1,6
6,1,58040,24,-1,-1,0
17,3223,53,-1,-1,-1,6
6,1,22,16,-1,-1,0
6,2,58040,24,-1,-1,0
17,3325,53,-1,-1,-1,6
6,1,22,16,-1,-1,0
6,2,58040,24,-1,-1,0
17,3396,53,-1,-1,-1,6
6,2,22,16,-1,-1,0
6,1,58040,24,-1,-1,0
17,3269,53,-1,-1,-1,6
6,2,22,16,-1,-1,0
6,3,58040,24,-1,-1,0
17,3359,53,-1,-1,-1,6
17,3255,53,-1,-1,-1,6
6,1,58040,24,-1,-1,0
17,3251,53,-1,-1,-1,6
6,1,22,16,-1,-1,0
6,1,58040,24,-1,-1,0
17,3301,53,-1,-1,-1,6
6,2,58040,24,-1,-1,0
17,3356,53,-1,-1,-1,6
17,3288,53,-1,-1,-1,6
6,1,58040,24,-1,-1,0
17,3333,53,-1,-1,-1,6
6,1,902,24,-1,-1,0
17,3258,53,-1,-1,-1,6
6,1,902,24,-1,-1,0
17,3253,53,-1,-1,-1,6
6,1,902,16,-1,-1,0
17,3333,53,-1,-1,-1,6
6,1,902,16,-1,-1,0
6,1,58040,24,-1,-1,0
17,3300,53,-1,-1,-1,6
17,3343,53,-1,-1,-1,6
17,3376,53,-1,-1,-1,6
17,3400,53,-1,-1,-1,6
17,3238,53,-1,-1,-1,6
17,3353,53,-1,-1,-1,6
17,3403,53,-1,-1,-1,6
6,1,58040,24,-1,-1,0
17,3323,53,-1,-1,-1,6
17,3337,53,-1,-1,-1,6
17,3246,53,-1,-1,-1,6
17,3250,53,-1,-1,-1,6
17,3268,53,-1,-1,-1,6
17,3357,53,-1,-1,-1,6
17,3384,53,-1,-1,-1,6
17,3414,53,-1,-1,-1,6
17,3333,53,-1,-1,-1,6
17,3239,53,-1,-1,-1,6
17,3357,53,-1,-1,-1,6
17,3372,53,-1,-1,-1,6
17,3289,53,-1,-1,-1,6
17,3350,53,-1,-1,-1,6
6,1,58040,24,-1,-1,0
17,3247,53,-1,-1,-1,6
17,3261,53,-1,-1,-1,6
17,3316,53,-1,-1,-1,6
17,3367,53,-1,-1,-1,6
17,3354,53,-1,-1,-1,6
6,3,58121,17,-1,-1,0
6,1,58127,18,-1,-1,0
6,1,-1,2,-1,1,0
6,1,443,16,-1,-1,0
6,1,443,17,-1,-1,0
6,1,58121,16,-1,-1,0
17,3323,53,-1,-1,-1,6
6,1,58081,17,-1,-1,0
6,1,58121,4,-1,-1,0
6,1,58083,17,-1,-1,0
6,5,443,16,-1,-1,0
6,1,58084,17,-1,-1,0
6,1,58121,17,-1,-1,0
17,3238,53,-1,-1,-1,6
6,1,58082,17,-1,-1,0
6,1,58121,4,-1,-1,0
6,1,443,16,-1,-1,0
17,3254,53,-1,-1,-1,6
6,1,58121,4,-1,-1,0
6,1,443,16,-1,-1,0
17,3336,53,-1,-1,-1,6
17,3341,53,-1,-1,-1,6
17,3368,53,-1,-1,-1,6
17,3405,53,-1,-1,-1,6
6,1,1111,16,-1,-1,0
17,2772,53,-1,-1,-1,6
17,3262,53,-1,-1,-1,6
17,3418,53,-1,-1,-1,6
6,1,58085,24,-1,-1,0
17,3284,53,-1,-1,-1,6
6,1,902,16,-1,-1,0
6,1,58085,24,-1,-1,0
17,3427,53,-1,-1,-1,6
17,3347,53,-1,-1,-1,6
17,3207,53,-1,-1,-1,6
17,3263,53,-1,-1,-1,6
17,3357,53,-1,-1,-1,6
17,3236,53,-1,-1,-1,6
17,3415,53,-1,-1,-1,6
17,3119,53,-1,-1,-1,6
6,1,443,20,-1,-1,0
17,3267,53,-1,-1,-1,6
17,3261,53,-1,-1,-1,6
17,3342,53,-1,-1,-1,6
6,2,443,16,-1,-1,0
17,3296,53,-1,-1,-1,6
17,3473,53,-1,-1,-1,6
6,4,443,24,-1,-1,0
6,1,-1,2,-1,1,0
6,1,443,20,-1,-1,0
6,1,58081,4,-1,-1,0
6,1,58040,24,-1,-1,0
17,3291,53,-1,-1,-1,6
6,1,58084,4,-1,-1,0
6,1,443,20,-1,-1,0
6,1,58082,4,-1,-1,0
17,3211,53,-1,-1,-1,6
17,3245,53,-1,-1,-1,6
6,1,-1,2,-1,1,0
17,3377,53,-1,-1,-1,6
17,3279,53,-1,-1,-1,6
6,1,58129,18,-1,-1,0
17,3348,53,-1,-1,-1,6
17,3347,53,-1,-1,-1,6
6,1,443,16,-1,-1,0
17,3288,53,-1,-1,-1,6
17,3384,53,-1,-1,-1,6
17,3263,53,-1,-1,-1,6
17,3346,53,-1,-1,-1,6
17,3341,53,-1,-1,-1,6
17,3391,53,-1,-1,-1,6
17,3292,53,-1,-1,-1,6
17,3320,53,-1,-1,-1,6
17,2274,53,-1,-1,-1,6
17,2260,53,-1,-1,-1,6
17,2105,53,-1,-1,-1,6
17,1898,53,-1,-1,-1,6
17,2420,53,-1,-1,-1,6
17,2193,53,-1,-1,-1,6
17,1969,53,-1,-1,-1,6
17,2318,53,-1,-1,-1,6
17,1932,53,-1,-1,-1,6
17,1374,53,-1,-1,-1,6
17,1966,53,-1,-1,-1,6
17,2329,53,-1,-1,-1,6
17,2130,53,-1,-1,-1,6
17,2223,53,-1,-1,-1,6
17,2203,53,-1,-1,-1,6
17,1922,53,-1,-1,-1,6
17,2122,53,-1,-1,-1,6
17,2142,53,-1,-1,-1,6
17,2064,53,-1,-1,-1,6
17,2206,53,-1,-1,-1,6
17,2140,53,-1,-1,-1,6
17,2111,53,-1,-1,-1,6
17,1,53951,-1,-1,-1,0
17,2234,53,-1,-1,-1,6
17,2094,53,-1,-1,-1,6
17,2081,53,-1,-1,-1,6
17,2219,53,-1,-1,-1,6
17,2114,53,-1,-1,-1,6
17,2252,53,-1,-1,-1,6
17,2348,53,-1,-1,-1,6
17,2171,53,-1,-1,-1,6
17,2219,53,-1,-1,-1,6
17,2380,53,-1,-1,-1,6
17,2182,53,-1,-1,-1,6
17,2073,53,-1,-1,-1,6
17,2014,53,-1,-1,-1,6
17,2161,53,-1,-1,-1,6
17,2184,53,-1,-1,-1,6
17,2061,53,-1,-1,-1,6
17,2280,53,-1,-1,-1,6
17,2340,53,-1,-1,-1,6
17,1817,53,-1,-1,-1,6
17,1763,53,-1,-1,-1,6
17,1775,53,-1,-1,-1,6
17,1785,53,-1,-1,-1,6
17,1736,53,-1,-1,-1,6
17,1748,53,-1,-1,-1,6
17,3516,53,-1,-1,-1,6
17,1734,53,-1,-1,-1,6
17,1693,53,-1,-1,-1,6
17,1793,53,-1,-1,-1,6
17,1796,53,-1,-1,-1,6
17,1798,53,-1,-1,-1,6
17,1786,53,-1,-1,-1,6
17,1789,53,-1,-1,-1,6
17,1738,53,-1,-1,-1,6
17,1741,53,-1,-1,-1,6
17,1780,53,-1,-1,-1,6
17,1828,53,-1,-1,-1,6
17,1793,53,-1,-1,-1,6
17,1813,53,-1,-1,-1,6
17,1787,53,-1,-1,-1,6
17,1760,53,-1,-1,-1,6
17,1792,53,-1,-1,-1,6
17,1765,53,-1,-1,-1,6
17,1784,53,-1,-1,-1,6
17,1674,53,-1,-1,-1,6
17,1661,53,-1,-1,-1,6
17,1783,53,-1,-1,-1,6
17,1787,53,-1,-1,-1,6
17,1694,53,-1,-1,-1,6
17,1699,53,-1,-1,-1,6
17,1616,53,-1,-1,-1,6
17,1720,53,-1,-1,-1,6
17,1785,53,-1,-1,-1,6
17,1001,53,-1,-1,-1,6
17,1001,53,-1,-1,-1,6
17,1001,53,-1,-1,-1,6
17,1001,53,-1,-1,-1,6
17,1001,53,-1,-1,-1,6
17,1001,53,-1,-1,-1,6
17,1811,53,-1,-1,-1,6
17,1330,53,-1,-1,-1,6
17,1327,53,-1,-1,-1,6
17,1302,53,-1,-1,-1,6
17,1303,53,-1,-1,-1,6
17,1323,53,-1,-1,-1,6
17,1299,53,-1,-1,-1,6
17,1331,53,-1,-1,-1,6
17,1315,53,-1,-1,-1,6
17,1261,53,-1,-1,-1,6
17,1319,53,-1,-1,-1,6
17,1333,53,-1,-1,-1,6
17,1339,53,-1,-1,-1,6
17,1287,53,-1,-1,-1,6
17,1256,53,-1,-1,-1,6
17,1291,53,-1,-1,-1,6
17,1298,53,-1,-1,-1,6
17,1344,53,-1,-1,-1,6
17,1294,53,-1,-1,-1,6
17,1,57381,-1,-1,-1,0
17,1,18414,-1,-1,-1,0
17,1,33568,-1,-1,-1,0
17,1292,53,-1,-1,-1,6
17,1,20310,-1,-1,-1,0
17,1,47077,-1,-1,-1,0
17,1332,53,-1,-1,-1,6
17,1,40031,-1,-1,-1,0
17,1312,53,-1,-1,-1,6
17,1332,53,-1,-1,-1,6
17,1331,53,-1,-1,-1,6
17,1343,53,-1,-1,-1,6
17,1349,53,-1,-1,-1,6
17,1330,53,-1,-1,-1,6
17,1299,53,-1,-1,-1,6
17,1297,53,-1,-1,-1,6
17,1326,53,-1,-1,-1,6
17,1300,53,-1,-1,-1,6
17,1309,53,-1,-1,-1,6
17,1289,53,-1,-1,-1,6
17,1307,53,-1,-1,-1,6
17,870,53,-1,-1,-1,6
17,870,53,-1,-1,-1,6
17,870,53,-1,-1,-1,6
17,870,53,-1,-1,-1,6
17,870,53,-1,-1,-1,6
17,870,53,-1,-1,-1,6
17,870,53,-1,-1,-1,6
17,870,53,-1,-1,-1,6
17,2049,53,-1,-1,-1,6
17,2203,53,-1,-1,-1,6
17,2139,53,-1,-1,-1,6
17,2203,53,-1,-1,-1,6
17,1992,53,-1,-1,-1,6
17,2104,53,-1,-1,-1,6
17,2161,53,-1,-1,-1,6
17,1890,53,-1,-1,-1,6
17,2251,53,-1,-1,-1,6
17,2327,53,-1,-1,-1,6
17,2110,53,-1,-1,-1,6
17,2213,53,-1,-1,-1,6
17,2291,53,-1,-1,-1,6
17,2170,53,-1,-1,-1,6
17,2276,53,-1,-1,-1,6
17,2308,53,-1,-1,-1,6
17,2087,53,-1,-1,-1,6
17,2361,53,-1,-1,-1,6
17,1981,53,-1,-1,-1,6
17,2125,53,-1,-1,-1,6
17,1115,53,-1,-1,-1,6
17,1115,53,-1,-1,-1,6
17,1115,53,-1,-1,-1,6
17,1115,53,-1,-1,-1,6
17,1115,53,-1,-1,-1,6
17,2783,53,-1,-1,-1,6
17,2205,53,-1,-1,-1,6
17,2209,53,-1,-1,-1,6
17,2196,53,-1,-1,-1,6
17,2154,53,-1,-1,-1,6
17,2257,53,-1,-1,-1,6
17,2388,53,-1,-1,-1,6
17,2117,53,-1,-1,-1,6
17,2134,53,-1,-1,-1,6
17,2149,53,-1,-1,-1,6
17,2094,53,-1,-1,-1,6
17,2236,53,-1,-1,-1,6
17,2244,53,-1,-1,-1,6
17,2064,53,-1,-1,-1,6
17,2088,53,-1,-1,-1,6
17,2238,53,-1,-1,-1,6
17,2319,53,-1,-1,-1,6
17,2278,53,-1,-1,-1,6
17,2035,53,-1,-1,-1,6
17,2094,53,-1,-1,-1,6
17,2360,53,-1,-1,-1,6
17,2156,53,-1,-1,-1,6
17,106,53,-1,-1,-1,0
17,106,53,-1,-1,-1,0
17,106,53,-1,-1,-1,0
17,106,53,-1,-1,-1,0
17,1676,53,-1,-1,-1,6
17,2178,53,-1,-1,-1,6
17,2196,53,-1,-1,-1,6
17,2050,53,-1,-1,-1,6
17,2301,53,-1,-1,-1,6
17,2355,53,-1,-1,-1,6
17,2154,53,-1,-1,-1,6
17,2129,53,-1,-1,-1,6
17,2077,53,-1,-1,-1,6
17,2037,53,-1,-1,-1,6
17,2314,53,-1,-1,-1,6
17,2161,53,-1,-1,-1,6
17,2256,53,-1,-1,-1,6
17,2247,53,-1,-1,-1,6
17,2064,53,-1,-1,-1,6
17,2299,53,-1,-1,-1,6
17,2329,53,-1,-1,-1,6
17,2116,53,-1,-1,-1,6
17,2233,53,-1,-1,-1,6
17,2294,53,-1,-1,-1,6
17,2102,53,-1,-1,-1,6
17,2248,53,-1,-1,-1,6
17,2137,53,-1,-1,-1,6
6,1,22,24,-1,-1,0
6,1,22,16,-1,-1,0
17,2083,53,-1,-1,-1,6
17,1967,53,-1,-1,-1,6
17,2083,53,-1,-1,-1,6
17,2199,53,-1,-1,-1,6
17,2225,53,-1,-1,-1,6
17,2134,53,-1,-1,-1,6
17,2147,53,-1,-1,-1,6
17,2054,53,-1,-1,-1,6
17,1955,53,-1,-1,-1,6
17,2274,53,-1,-1,-1,6
17,2146,53,-1,-1,-1,6
17,2309,53,-1,-1,-1,6
17,2362,53,-1,-1,-1,6
17,2062,53,-1,-1,-1,6
17,2315,53,-1,-1,-1,6
17,2246,53,-1,-1,-1,6
17,2185,53,-1,-1,-1,6
17,2294,53,-1,-1,-1,6
17,2241,53,-1,-1,-1,6
6,3,22,24,-1,-1,0
17,1,36095,-1,-1,-1,0
17,2102,53,-1,-1,-1,6
17,1,11659,-1,-1,-1,0
17,2007,53,-1,-1,-1,6
6,3,22,24,-1,-1,0
6,1,22,16,-1,-1,0
17,2088,53,-1,-1,-1,6
17,2235,53,-1,-1,-1,6
17,2208,53,-1,-1,-1,6
17,2116,53,-1,-1,-1,6
17,2266,53,-1,-1,-1,6
17,2187,53,-1,-1,-1,6
17,2138,53,-1,-1,-1,6
17,2236,53,-1,-1,-1,6
17,2303,53,-1,-1,-1,6
17,2113,53,-1,-1,-1,6
17,2246,53,-1,-1,-1,6
17,2122,53,-1,-1,-1,6
17,1968,53,-1,-1,-1,6
17,2284,53,-1,-1,-1,6
17,1990,53,-1,-1,-1,6
17,2121,53,-1,-1,-1,6
17,2247,53,-1,-1,-1,6
17,2160,53,-1,-1,-1,6
17,2085,53,-1,-1,-1,6
17,2127,53,-1,-1,-1,6
17,2102,53,-1,-1,-1,6
17,603,53,-1,-1,-1,6
17,1014,53,-1,-1,-1,6
17,1029,53,-1,-1,-1,6
17,1028,53,-1,-1,-1,6
17,1016,53,-1,-1,-1,6
17,1006,53,-1,-1,-1,6
17,1018,53,-1,-1,-1,6
17,2058,53,-1,-1,-1,6
17,1018,53,-1,-1,-1,6
17,1017,53,-1,-1,-1,6
17,1017,53,-1,-1,-1,6
17,2032,53,-1,-1,-1,6
17,1032,53,-1,-1,-1,6
17,1021,53,-1,-1,-1,6
17,1045,53,-1,-1,-1,6
17,1067,53,-1,-1,-1,6
17,1036,53,-1,-1,-1,6
17,1054,53,-1,-1,-1,6
17,1053,53,-1,-1,-1,6
17,1028,53,-1,-1,-1,6
17,1035,53,-1,-1,-1,6
17,1041,53,-1,-1,-1,6
17,1061,53,-1,-1,-1,6
17,1026,53,-1,-1,-1,6
17,1064,53,-1,-1,-1,6
17,1046,53,-1,-1,-1,6
17,1004,53,-1,-1,-1,6
17,1005,53,-1,-1,-1,6
17,1014,53,-1,-1,-1,6
17,1019,53,-1,-1,-1,6
17,1,41766,-1,-1,-1,0
17,1041,53,-1,-1,-1,6
17,1,22342,-1,-1,-1,0
17,1,58563,-1,-1,-1,0
17,1,37930,-1,-1,-1,0
17,1045,53,-1,-1,-1,6
17,1,44076,-1,-1,-1,0
17,1,7327,-1,-1,-1,0
17,1038,53,-1,-1,-1,6
17,1038,53,-1,-1,-1,6
17,1063,53,-1,-1,-1,6
17,1065,53,-1,-1,-1,6
17,1060,53,-1,-1,-1,6
17,1051,53,-1,-1,-1,6
17,1060,53,-1,-1,-1,6
17,1056,53,-1,-1,-1,6
17,1048,53,-1,-1,-1,6
17,1043,53,-1,-1,-1,6
17,1057,53,-1,-1,-1,6
17,1048,53,-1,-1,-1,6
17,1063,53,-1,-1,-1,6
17,1065,53,-1,-1,-1,6
17,2689,53,-1,-1,-1,6
17,2378,53,-1,-1,-1,6
17,2376,53,-1,-1,-1,6
17,2536,53,-1,-1,-1,6
17,2497,53,-1,-1,-1,6
17,2381,53,-1,-1,-1,6
17,2363,53,-1,-1,-1,6
17,2639,53,-1,-1,-1,6
17,2279,53,-1,-1,-1,6
17,2530,53,-1,-1,-1,6
17,2632,53,-1,-1,-1,6
17,2493,53,-1,-1,-1,6
17,2462,53,-1,-1,-1,6
17,2573,53,-1,-1,-1,6
17,2625,53,-1,-1,-1,6
17,2480,53,-1,-1,-1,6
17,2559,53,-1,-1,-1,6
17,2385,53,-1,-1,-1,6
17,2272,53,-1,-1,-1,6
17,2361,53,-1,-1,-1,6
17,2449,53,-1,-1,-1,6
17,2386,53,-1,-1,-1,6
17,2481,53,-1,-1,-1,6
17,2259,53,-1,-1,-1,6
17,2498,53,-1,-1,-1,6
17,2598,53,-1,-1,-1,6
17,2411,53,-1,-1,-1,6
17,2575,53,-1,-1,-1,6
17,2636,53,-1,-1,-1,6
17,2449,53,-1,-1,-1,6
17,2557,53,-1,-1,-1,6
17,2563,53,-1,-1,-1,6
17,2381,53,-1,-1,-1,6
17,2520,53,-1,-1,-1,6
17,2319,53,-1,-1,-1,6
17,2411,53,-1,-1,-1,6
17,2643,53,-1,-1,-1,6
17,2457,53,-1,-1,-1,6
17,2558,53,-1,-1,-1,6
17,2554,53,-1,-1,-1,6
17,2476,53,-1,-1,-1,6
17,2643,53,-1,-1,-1,6
17,2614,53,-1,-1,-1,6
17,2447,53,-1,-1,-1,6
17,2548,53,-1,-1,-1,6
17,2342,53,-1,-1,-1,6
17,2459,53,-1,-1,-1,6
17,2539,53,-1,-1,-1,6
17,2369,53,-1,-1,-1,6
17,2422,53,-1,-1,-1,6
17,2387,53,-1,-1,-1,6
17,2200,53,-1,-1,-1,6
17,2380,53,-1,-1,-1,6
17,2351,53,-1,-1,-1,6
17,2267,53,-1,-1,-1,6
17,2298,53,-1,-1,-1,6
17,2386,53,-1,-1,-1,6
17,937,53,-1,-1,-1,6
17,957,53,-1,-1,-1,6
17,906,53,-1,-1,-1,6
17,926,53,-1,-1,-1,6
17,940,53,-1,-1,-1,6
17,923,53,-1,-1,-1,6
17,899,53,-1,-1,-1,6
17,934,53,-1,-1,-1,6
17,943,53,-1,-1,-1,6
17,962,53,-1,-1,-1,6
17,962,53,-1,-1,-1,6
17,958,53,-1,-1,-1,6
17,958,53,-1,-1,-1,6
17,959,53,-1,-1,-1,6
17,953,53,-1,-1,-1,6
17,948,53,-1,-1,-1,6
17,957,53,-1,-1,-1,6
17,959,53,-1,-1,-1,6
17,950,53,-1,-1,-1,6
17,932,53,-1,-1,-1,6
17,1,23169,-1,-1,-1,0
17,1,32196,-1,-1,-1,0
17,1,56231,-1,-1,-1,0
17,1,14645,-1,-1,-1,0
17,942,53,-1,-1,-1,6
17,1,13966,-1,-1,-1,0
17,1,30063,-1,-1,-1,0
17,952,53,-1,-1,-1,6
17,959,53,-1,-1,-1,6
17,952,53,-1,-1,-1,6
17,940,53,-1,-1,-1,6
17,941,53,-1,-1,-1,6
17,942,53,-1,-1,-1,6
17,948,53,-1,-1,-1,6
17,959,53,-1,-1,-1,6
