protocal,count,port,flag,type,attack,srcip
6,159,443,16,-1,0,-1
6,43,43152,24,-1,0,-1
6,1,43152,18,-1,0,-1
17,4,53456,-1,-1,0,-1
6,166,43152,16,-1,0,-1
6,2,443,16,-1,0,-1
6,4,48944,16,-1,0,-1
6,1,48944,18,-1,0,-1
17,4,37019,-1,-1,0,-1
6,3,44790,24,-1,0,-1
6,6,443,24,-1,0,-1
6,1,443,2,-1,0,-1
6,4,44790,16,-1,0,-1
6,6,443,16,-1,0,-1
6,1,443,2,-1,0,-1
6,6,48944,24,-1,0,-1
6,4,443,24,-1,0,-1
6,1,443,16,-1,0,-1
6,1,443,24,-1,0,-1
6,1,56936,16,-1,0,-1
6,1,80,17,-1,0,-1
6,1,43298,25,-1,0,-1
6,1,43298,16,-1,0,-1
6,1,80,16,-1,0,-1
6,1,56936,24,-1,0,-1
17,4,53,-1,-1,0,-1
6,1,443,16,-1,0,-1
6,1,443,24,-1,0,-1
6,1,34490,18,-1,0,-1
6,1,56936,16,-1,0,-1
17,4,47442,-1,-1,0,-1
6,1,80,17,-1,0,-1
6,4,443,16,-1,0,-1
6,1,43298,25,-1,0,-1
17,2,56953,-1,-1,0,-1
6,1,443,2,-1,0,-1
17,2,53,-1,-1,0,-1
6,1,80,24,-1,0,-1
6,1,43298,16,-1,0,-1
6,1,43292,16,-1,0,-1
6,1,43292,24,-1,0,-1
6,5,34490,24,-1,0,-1
6,6,443,24,-1,0,-1
6,6,34490,16,-1,0,-1
6,2,80,16,-1,0,-1
6,1,56936,24,-1,0,-1
17,8,53,-1,-1,0,-1
6,6,48952,16,-1,0,-1
6,2,443,24,-1,0,-1
17,4,52579,-1,-1,0,-1
6,6,443,24,-1,0,-1
6,1,443,16,-1,0,-1
6,4,443,16,-1,0,-1
6,3,55944,24,-1,0,-1
6,1,43294,24,-1,0,-1
6,2,55944,16,-1,0,-1
6,1,443,2,-1,0,-1
6,1,48952,18,-1,0,-1
6,9,41754,16,-1,0,-1
6,7,48952,24,-1,0,-1
6,10,443,16,-1,0,-1
17,4,58368,-1,-1,0,-1
6,7,41754,24,-1,0,-1
6,1,443,2,-1,0,-1
17,4,56953,-1,-1,0,-1
17,4,53,-1,-1,0,-1
6,1,80,24,-1,0,-1
6,1,43294,16,-1,0,-1
6,1,41754,18,-1,0,-1
6,6,443,24,-1,0,-1
6,1,80,16,-1,0,-1
17,12,53,-1,-1,0,-1
6,3,443,24,-1,0,-1
6,1,443,16,-1,0,-1
6,1,443,24,-1,0,-1
6,6,48952,16,-1,0,-1
6,2,443,24,-1,0,-1
17,4,52579,-1,-1,0,-1
6,6,443,24,-1,0,-1
6,1,443,16,-1,0,-1
6,4,443,16,-1,0,-1
6,3,55944,24,-1,0,-1
6,1,43294,24,-1,0,-1
6,2,55944,16,-1,0,-1
6,1,443,2,-1,0,-1
6,1,56936,16,-1,0,-1
6,1,48952,18,-1,0,-1
6,9,41754,16,-1,0,-1
6,7,48952,24,-1,0,-1
6,1,53114,16,-1,0,-1
6,1,44790,24,-1,0,-1
6,10,443,16,-1,0,-1
17,4,58368,-1,-1,0,-1
6,7,41754,24,-1,0,-1
6,3,44790,16,-1,0,-1
6,1,443,2,-1,0,-1
17,6,56953,-1,-1,0,-1
6,1,80,16,-1,0,-1
17,6,53,-1,-1,0,-1
6,1,80,24,-1,0,-1
17,4,38925,-1,-1,0,-1
6,1,43294,16,-1,0,-1
6,1,41754,18,-1,0,-1
6,6,443,24,-1,0,-1
6,1,80,16,-1,0,-1
6,1,56936,24,-1,0,-1
17,4,53,-1,-1,0,-1
6,5,443,24,-1,0,-1
6,4,48954,16,-1,0,-1
6,1,443,16,-1,0,-1
6,1,443,24,-1,0,-1
6,1,41760,18,-1,0,-1
6,4,41760,24,-1,0,-1
6,6,443,24,-1,0,-1
6,3,443,16,-1,0,-1
6,7,443,16,-1,0,-1
6,6,48954,24,-1,0,-1
6,5,41760,16,-1,0,-1
6,1,443,2,-1,0,-1
6,1,56936,16,-1,0,-1
6,2,41754,16,-1,0,-1
6,1,443,17,-1,0,-1
6,1,48954,18,-1,0,-1
6,7,443,16,-1,0,-1
6,1,53114,16,-1,0,-1
6,4,44790,24,-1,0,-1
17,4,39487,-1,-1,0,-1
6,2,41754,24,-1,0,-1
6,9,44790,16,-1,0,-1
6,1,443,2,-1,0,-1
17,2,56953,-1,-1,0,-1
6,1,80,16,-1,0,-1
6,1,41760,25,-1,0,-1
17,2,53,-1,-1,0,-1
17,4,38925,-1,-1,0,-1
6,4,443,24,-1,0,-1
6,1,56936,24,-1,0,-1
17,4,53,-1,-1,0,-1
6,9,443,24,-1,0,-1
6,4,48954,16,-1,0,-1
6,1,47408,16,-1,0,-1
6,1,41760,18,-1,0,-1
6,1,43290,16,-1,0,-1
6,4,41760,24,-1,0,-1
6,6,443,24,-1,0,-1
6,29,443,16,-1,0,-1
6,7,443,16,-1,0,-1
6,6,48954,24,-1,0,-1
6,5,41760,16,-1,0,-1
6,1,443,2,-1,0,-1
6,2,41754,16,-1,0,-1
6,1,443,17,-1,0,-1
6,1,48954,18,-1,0,-1
6,7,443,16,-1,0,-1
6,33,44790,24,-1,0,-1
17,4,39487,-1,-1,0,-1
6,2,41754,24,-1,0,-1
6,77,44790,16,-1,0,-1
6,1,443,2,-1,0,-1
17,2,56953,-1,-1,0,-1
6,1,41760,25,-1,0,-1
17,2,53,-1,-1,0,-1
6,1,43296,16,-1,0,-1
6,1,80,16,-1,0,-1
6,4,443,24,-1,0,-1
6,2,80,16,-1,0,-1
6,13,443,24,-1,0,-1
6,1,47408,16,-1,0,-1
6,1,43290,16,-1,0,-1
6,25,443,16,-1,0,-1
6,4,58796,16,-1,0,-1
6,1,43272,16,-1,0,-1
6,7,58796,24,-1,0,-1
6,56,44790,24,-1,0,-1
6,4,443,24,-1,0,-1
6,186,44790,16,-1,0,-1
6,1,43296,16,-1,0,-1
6,1,80,16,-1,0,-1
6,3,80,16,-1,0,-1
6,2,443,16,-1,0,-1
17,4,53,-1,-1,0,-1
6,3,443,24,-1,0,-1
6,26,443,16,-1,0,-1
6,4,58796,16,-1,0,-1
6,1,43272,16,-1,0,-1
6,7,58796,24,-1,0,-1
6,4,44790,24,-1,0,-1
6,4,443,24,-1,0,-1
6,3,44790,16,-1,0,-1
17,2,56953,-1,-1,0,-1
17,2,53,-1,-1,0,-1
6,2,443,16,-1,0,-1
17,4,54787,-1,-1,0,-1
17,4,53,-1,-1,0,-1
6,5,443,24,-1,0,-1
6,1,443,16,-1,0,-1
6,1,443,24,-1,0,-1
6,29,443,16,-1,0,-1
6,5,443,16,-1,0,-1
6,1,56936,16,-1,0,-1
6,23,54752,24,-1,0,-1
6,2,443,24,-1,0,-1
6,8,44790,24,-1,0,-1
6,13,44790,16,-1,0,-1
17,2,56953,-1,-1,0,-1
17,2,53,-1,-1,0,-1
6,18,54752,16,-1,0,-1
6,1,56936,24,-1,0,-1
17,4,54787,-1,-1,0,-1
6,1,443,16,-1,0,-1
6,1,443,24,-1,0,-1
6,31,443,16,-1,0,-1
6,5,443,16,-1,0,-1
6,1,56936,16,-1,0,-1
6,26,54752,24,-1,0,-1
6,4,443,24,-1,0,-1
6,2,54306,24,-1,0,-1
6,2,443,16,-1,0,-1
6,21,54752,16,-1,0,-1
6,1,43292,16,-1,0,-1
6,3,54306,16,-1,0,-1
6,3,443,24,-1,0,-1
6,1,80,16,-1,0,-1
6,1,56936,24,-1,0,-1
6,4,443,24,-1,0,-1
6,17,443,16,-1,0,-1
6,2,54306,24,-1,0,-1
6,2,443,16,-1,0,-1
6,19,44790,24,-1,0,-1
6,51,44790,16,-1,0,-1
6,1,43292,16,-1,0,-1
6,3,54306,16,-1,0,-1
6,3,443,24,-1,0,-1
6,1,80,16,-1,0,-1
17,8,53,-1,-1,0,-1
6,6,443,24,-1,0,-1
17,4,58772,-1,-1,0,-1
6,1,43290,16,-1,0,-1
6,2,443,24,-1,0,-1
6,17,443,16,-1,0,-1
6,2,443,16,-1,0,-1
6,4,55944,24,-1,0,-1
6,8,37646,24,-1,0,-1
6,6,443,16,-1,0,-1
6,3,55944,16,-1,0,-1
6,1,443,2,-1,0,-1
6,1,443,16,-1,0,-1
6,19,44790,24,-1,0,-1
6,6,37646,16,-1,0,-1
6,1,43290,24,-1,0,-1
6,53,44790,16,-1,0,-1
17,4,56953,-1,-1,0,-1
6,6,443,24,-1,0,-1
6,1,37646,18,-1,0,-1
17,4,53,-1,-1,0,-1
6,1,80,24,-1,0,-1
6,3,34490,24,-1,0,-1
17,4,39515,-1,-1,0,-1
6,2,443,24,-1,0,-1
6,2,34490,16,-1,0,-1
6,1,80,16,-1,0,-1
17,8,53,-1,-1,0,-1
6,10,443,24,-1,0,-1
17,4,58772,-1,-1,0,-1
6,1,43290,16,-1,0,-1
6,2,443,24,-1,0,-1
6,48,443,16,-1,0,-1
6,2,443,16,-1,0,-1
6,4,55944,24,-1,0,-1
6,8,37646,24,-1,0,-1
6,6,443,16,-1,0,-1
6,3,55944,16,-1,0,-1
6,1,443,2,-1,0,-1
6,1,443,16,-1,0,-1
6,35,44790,24,-1,0,-1
6,6,37646,16,-1,0,-1
6,1,43290,24,-1,0,-1
6,167,44790,16,-1,0,-1
17,4,56953,-1,-1,0,-1
6,6,443,24,-1,0,-1
6,1,37646,18,-1,0,-1
17,4,53,-1,-1,0,-1
6,1,80,24,-1,0,-1
6,3,34490,24,-1,0,-1
17,4,39515,-1,-1,0,-1
6,2,443,24,-1,0,-1
6,2,34490,16,-1,0,-1
6,1,80,16,-1,0,-1
17,4,53,-1,-1,0,-1
6,16,443,24,-1,0,-1
6,2,443,2,-1,0,-1
6,1,43296,24,-1,0,-1
6,69,443,16,-1,0,-1
6,68,43350,16,-1,0,-1
6,1,43272,16,-1,0,-1
6,1,43352,18,-1,0,-1
6,47,44790,24,-1,0,-1
6,197,44790,16,-1,0,-1
6,1,43272,24,-1,0,-1
17,2,56953,-1,-1,0,-1
17,2,53,-1,-1,0,-1
6,2,80,24,-1,0,-1
17,4,35171,-1,-1,0,-1
6,14,43352,24,-1,0,-1
6,15,43350,24,-1,0,-1
6,1,43296,16,-1,0,-1
6,63,43352,16,-1,0,-1
6,129,443,16,-1,0,-1
6,1,43294,16,-1,0,-1
6,6,443,24,-1,0,-1
6,1,43350,18,-1,0,-1
6,3,80,16,-1,0,-1
17,4,53,-1,-1,0,-1
6,1,443,16,-1,0,-1
6,1,443,24,-1,0,-1
6,2,443,2,-1,0,-1
6,1,43296,24,-1,0,-1
6,68,43350,16,-1,0,-1
6,1,43272,16,-1,0,-1
6,1,56936,16,-1,0,-1
6,1,9001,2,-1,0,-1
6,1,43352,18,-1,0,-1
6,1,53114,16,-1,0,-1
6,1,43272,24,-1,0,-1
17,2,56953,-1,-1,0,-1
6,1,80,16,-1,0,-1
17,2,53,-1,-1,0,-1
6,2,80,24,-1,0,-1
17,4,35171,-1,-1,0,-1
6,14,43352,24,-1,0,-1
6,15,43350,24,-1,0,-1
6,1,43296,16,-1,0,-1
6,63,43352,16,-1,0,-1
6,129,443,16,-1,0,-1
6,1,43294,16,-1,0,-1
6,6,443,24,-1,0,-1
6,1,43350,18,-1,0,-1
6,3,80,16,-1,0,-1
6,1,56936,24,-1,0,-1
6,1,443,16,-1,0,-1
6,1,443,24,-1,0,-1
6,1,42754,16,-1,0,-1
6,1,56936,16,-1,0,-1
6,1,9001,24,-1,0,-1
6,1,9001,2,-1,0,-1
6,1,47408,16,-1,0,-1
6,1,53114,16,-1,0,-1
6,1,9001,16,-1,0,-1
6,1,80,16,-1,0,-1
6,1,80,16,-1,0,-1
6,1,42754,18,-1,0,-1
6,1,56936,24,-1,0,-1
6,1,42754,16,-1,0,-1
6,1,9001,24,-1,0,-1
6,1,47408,16,-1,0,-1
6,1,9001,16,-1,0,-1
6,1,80,16,-1,0,-1
6,1,42754,18,-1,0,-1
6,1,42754,16,-1,0,-1
6,1,9001,24,-1,0,-1
6,1,47408,16,-1,0,-1
6,1,9001,16,-1,0,-1
6,1,80,16,-1,0,-1
6,1,42754,18,-1,0,-1
6,1,42754,16,-1,0,-1
6,1,9001,24,-1,0,-1
6,1,47408,16,-1,0,-1
6,1,9001,16,-1,0,-1
17,1,123,-1,-1,0,-1
6,1,80,16,-1,0,-1
6,1,42754,18,-1,0,-1
17,4,53,-1,-1,0,-1
6,1,443,2,-1,0,-1
17,4,60526,-1,-1,0,-1
17,1,49739,-1,-1,0,-1
17,2,56953,-1,-1,0,-1
17,1,123,-1,-1,0,-1
17,2,53,-1,-1,0,-1
17,8,53,-1,-1,0,-1
6,2,443,24,-1,0,-1
6,16,443,16,-1,0,-1
6,1,53116,18,-1,0,-1
6,1,443,24,-1,0,-1
6,10,443,16,-1,0,-1
6,4,53116,16,-1,0,-1
6,2,443,2,-1,0,-1
6,3,33552,16,-1,0,-1
6,1,53114,18,-1,0,-1
6,12,443,16,-1,0,-1
6,1,33552,18,-1,0,-1
6,50,43350,16,-1,0,-1
6,1,33550,18,-1,0,-1
6,1,443,16,-1,0,-1
17,4,60526,-1,-1,0,-1
6,8,33550,24,-1,0,-1
6,7,33550,16,-1,0,-1
6,5,53114,24,-1,0,-1
6,4,33552,24,-1,0,-1
6,6,443,24,-1,0,-1
6,1,443,17,-1,0,-1
6,3,53114,16,-1,0,-1
6,11,44790,24,-1,0,-1
17,1,49739,-1,-1,0,-1
6,6,443,24,-1,0,-1
6,32,44790,16,-1,0,-1
17,4,56953,-1,-1,0,-1
6,1,56936,16,-1,0,-1
6,4,53116,24,-1,0,-1
17,4,53,-1,-1,0,-1
6,1,80,24,-1,0,-1
6,13,43350,24,-1,0,-1
6,2,43292,16,-1,0,-1
6,1,43292,24,-1,0,-1
6,62,443,16,-1,0,-1
6,1,443,24,-1,0,-1
17,4,33287,-1,-1,0,-1
6,2,443,2,-1,0,-1
6,2,80,16,-1,0,-1
6,1,56936,24,-1,0,-1
6,1,443,16,-1,0,-1
6,1,43290,16,-1,0,-1
6,49,43350,16,-1,0,-1
6,1,443,17,-1,0,-1
6,1,33550,20,-1,0,-1
6,1,43352,24,-1,0,-1
6,15,43350,24,-1,0,-1
6,2,43352,16,-1,0,-1
6,64,443,16,-1,0,-1
6,1,443,24,-1,0,-1
6,3,443,24,-1,0,-1
6,1,34490,16,-1,0,-1
6,1,80,16,-1,0,-1
6,1,443,16,-1,0,-1
6,3,54752,24,-1,0,-1
6,2,443,24,-1,0,-1
6,3,54306,24,-1,0,-1
6,1,443,16,-1,0,-1
6,5,443,16,-1,0,-1
6,2,54752,16,-1,0,-1
6,4,34490,24,-1,0,-1
6,1,443,24,-1,0,-1
6,1,34490,16,-1,0,-1
6,4,54306,16,-1,0,-1
6,2,443,24,-1,0,-1
17,4,53,-1,-1,0,-1
6,11,443,24,-1,0,-1
17,4,39489,-1,-1,0,-1
6,54,443,16,-1,0,-1
6,1,443,16,-1,0,-1
6,8,443,16,-1,0,-1
6,41,43350,16,-1,0,-1
6,1,43272,16,-1,0,-1
6,3,54752,24,-1,0,-1
6,2,443,24,-1,0,-1
6,3,54306,24,-1,0,-1
6,1,443,16,-1,0,-1
6,5,443,16,-1,0,-1
6,15,44790,24,-1,0,-1
6,17,44790,16,-1,0,-1
17,2,56953,-1,-1,0,-1
17,2,53,-1,-1,0,-1
6,12,43352,24,-1,0,-1
6,2,54752,16,-1,0,-1
6,10,43350,24,-1,0,-1
6,1,43296,16,-1,0,-1
6,39,43352,16,-1,0,-1
6,4,34490,24,-1,0,-1
6,1,43294,16,-1,0,-1
6,1,443,24,-1,0,-1
6,2,443,24,-1,0,-1
6,1,34490,16,-1,0,-1
6,4,54306,16,-1,0,-1
6,2,443,24,-1,0,-1
6,3,80,16,-1,0,-1
17,8,53,-1,-1,0,-1
6,18,443,24,-1,0,-1
6,5,34516,16,-1,0,-1
6,61,443,16,-1,0,-1
6,1,443,2,-1,0,-1
17,4,39489,-1,-1,0,-1
6,54,443,16,-1,0,-1
6,2,443,24,-1,0,-1
6,28,443,16,-1,0,-1
6,41,43350,16,-1,0,-1
6,2,443,4,-1,0,-1
6,1,43272,16,-1,0,-1
17,4,50248,-1,-1,0,-1
6,12,53114,24,-1,0,-1
6,2,41754,16,-1,0,-1
6,5,34516,24,-1,0,-1
6,2,443,24,-1,0,-1
6,6,443,16,-1,0,-1
6,39,53114,16,-1,0,-1
6,35,44790,24,-1,0,-1
6,1,443,16,-1,0,-1
6,1,41754,24,-1,0,-1
6,1,443,17,-1,0,-1
6,1,34516,25,-1,0,-1
6,65,44790,16,-1,0,-1
17,4,56953,-1,-1,0,-1
6,1,80,16,-1,0,-1
6,49,53116,16,-1,0,-1
6,23,53116,24,-1,0,-1
17,4,53,-1,-1,0,-1
6,1,34516,18,-1,0,-1
6,12,43352,24,-1,0,-1
6,10,43350,24,-1,0,-1
6,1,43296,16,-1,0,-1
6,39,43352,16,-1,0,-1
6,6,34490,24,-1,0,-1
6,1,43294,16,-1,0,-1
6,8,443,24,-1,0,-1
6,2,443,24,-1,0,-1
6,4,34490,16,-1,0,-1
6,3,80,16,-1,0,-1
6,5,34516,16,-1,0,-1
6,61,443,16,-1,0,-1
6,1,443,2,-1,0,-1
6,30,443,16,-1,0,-1
6,2,443,24,-1,0,-1
6,44,43350,16,-1,0,-1
6,2,443,4,-1,0,-1
17,4,50248,-1,-1,0,-1
6,12,53114,24,-1,0,-1
6,2,41754,16,-1,0,-1
6,5,34516,24,-1,0,-1
6,2,443,24,-1,0,-1
6,6,443,16,-1,0,-1
6,39,53114,16,-1,0,-1
6,1,443,16,-1,0,-1
6,1,41754,24,-1,0,-1
6,1,443,17,-1,0,-1
6,1,34516,25,-1,0,-1
6,1,80,16,-1,0,-1
6,49,53116,16,-1,0,-1
6,23,53116,24,-1,0,-1
6,1,34516,18,-1,0,-1
6,15,43350,24,-1,0,-1
6,6,34490,24,-1,0,-1
6,8,443,24,-1,0,-1
6,1,443,24,-1,0,-1
6,4,34490,16,-1,0,-1
6,1,443,24,-1,0,-1
6,1,443,16,-1,0,-1
6,1,443,16,-1,0,-1
6,1,47408,16,-1,0,-1
6,45,443,16,-1,0,-1
6,2,33552,16,-1,0,-1
6,85,43350,16,-1,0,-1
6,1,56936,16,-1,0,-1
6,1,443,24,-1,0,-1
6,1,443,17,-1,0,-1
6,1,443,24,-1,0,-1
6,1,44790,16,-1,0,-1
6,23,43350,24,-1,0,-1
6,1,80,16,-1,0,-1
6,4,443,24,-1,0,-1
6,1,56936,24,-1,0,-1
6,1,33552,25,-1,0,-1
17,4,53,-1,-1,0,-1
6,11,443,24,-1,0,-1
6,65,443,16,-1,0,-1
6,6,443,16,-1,0,-1
6,189,43350,16,-1,0,-1
6,1,443,16,-1,0,-1
6,10,44790,24,-1,0,-1
6,11,44790,16,-1,0,-1
17,2,56953,-1,-1,0,-1
17,4,33035,-1,-1,0,-1
17,2,53,-1,-1,0,-1
6,43,43350,24,-1,0,-1
6,4,34490,24,-1,0,-1
6,2,443,24,-1,0,-1
6,1,443,24,-1,0,-1
6,2,34490,16,-1,0,-1
17,8,53,-1,-1,0,-1
6,15,443,24,-1,0,-1
6,79,443,16,-1,0,-1
6,7,443,16,-1,0,-1
6,201,43350,16,-1,0,-1
6,7,54752,24,-1,0,-1
6,2,443,24,-1,0,-1
6,1,443,16,-1,0,-1
6,13,44790,24,-1,0,-1
6,11,443,16,-1,0,-1
6,15,44790,16,-1,0,-1
17,4,56953,-1,-1,0,-1
17,4,33035,-1,-1,0,-1
17,4,56631,-1,-1,0,-1
17,4,53,-1,-1,0,-1
6,17,54752,16,-1,0,-1
6,46,43350,24,-1,0,-1
6,4,34490,24,-1,0,-1
6,2,443,24,-1,0,-1
6,2,443,24,-1,0,-1
6,2,34490,16,-1,0,-1
17,8,53,-1,-1,0,-1
6,4,443,24,-1,0,-1
17,4,59366,-1,-1,0,-1
6,6,443,16,-1,0,-1
6,8,56514,24,-1,0,-1
6,1,47408,16,-1,0,-1
6,6,43334,16,-1,0,-1
6,1,56514,18,-1,0,-1
6,5,443,16,-1,0,-1
6,1,443,2,-1,0,-1
6,1,43334,18,-1,0,-1
6,1,43294,24,-1,0,-1
6,4,443,16,-1,0,-1
6,1,443,4,-1,0,-1
6,1,43334,25,-1,0,-1
6,6,443,24,-1,0,-1
6,7,54752,24,-1,0,-1
6,4,43334,24,-1,0,-1
6,2,443,24,-1,0,-1
6,1,443,17,-1,0,-1
6,7,44790,24,-1,0,-1
6,1,47408,25,-1,0,-1
6,11,443,16,-1,0,-1
6,8,44790,16,-1,0,-1
17,4,56953,-1,-1,0,-1
17,4,56631,-1,-1,0,-1
17,4,53,-1,-1,0,-1
6,1,80,24,-1,0,-1
6,1,443,2,-1,0,-1
6,17,54752,16,-1,0,-1
6,4,443,24,-1,0,-1
6,6,56514,16,-1,0,-1
6,1,43294,16,-1,0,-1
6,1,80,16,-1,0,-1
17,4,33986,-1,-1,0,-1
6,1,80,17,-1,0,-1
6,1,80,16,-1,0,-1
17,16,53,-1,-1,0,-1
6,11,443,24,-1,0,-1
17,4,59366,-1,-1,0,-1
6,6,443,16,-1,0,-1
6,11,56514,24,-1,0,-1
6,1,47408,16,-1,0,-1
6,6,43334,16,-1,0,-1
6,38,58576,16,-1,0,-1
6,1,56514,18,-1,0,-1
6,1,43290,16,-1,0,-1
6,18,58576,24,-1,0,-1
6,2,443,2,-1,0,-1
6,11,443,16,-1,0,-1
6,230,43350,16,-1,0,-1
6,1,443,2,-1,0,-1
6,1,43334,18,-1,0,-1
6,1,43294,24,-1,0,-1
6,61,58574,16,-1,0,-1
6,5,443,16,-1,0,-1
6,1,443,4,-1,0,-1
6,1,43334,25,-1,0,-1
6,8,443,24,-1,0,-1
6,4,43334,24,-1,0,-1
6,1,443,17,-1,0,-1
6,18,44790,24,-1,0,-1
6,1,58576,18,-1,0,-1
6,1,47408,25,-1,0,-1
6,1,43290,24,-1,0,-1
6,18,44790,16,-1,0,-1
6,21,58574,24,-1,0,-1
17,6,56953,-1,-1,0,-1
6,6,443,24,-1,0,-1
6,1,43296,24,-1,0,-1
17,8,53,-1,-1,0,-1
6,3,80,24,-1,0,-1
6,1,443,2,-1,0,-1
6,36,43350,24,-1,0,-1
6,1,43292,16,-1,0,-1
6,4,443,24,-1,0,-1
6,1,43296,16,-1,0,-1
6,8,56514,16,-1,0,-1
6,264,443,16,-1,0,-1
6,1,43294,16,-1,0,-1
6,1,80,16,-1,0,-1
6,2,443,24,-1,0,-1
17,4,33986,-1,-1,0,-1
6,71,443,16,-1,0,-1
17,4,54558,-1,-1,0,-1
6,1,58574,18,-1,0,-1
6,1,80,17,-1,0,-1
6,4,80,16,-1,0,-1
17,2,53,-1,-1,0,-1
6,2,443,24,-1,0,-1
6,4,443,24,-1,0,-1
6,1,55232,18,-1,0,-1
6,4,443,16,-1,0,-1
6,5,443,16,-1,0,-1
6,125,43350,16,-1,0,-1
6,192,58574,16,-1,0,-1
6,6,55232,16,-1,0,-1
6,4,54752,24,-1,0,-1
6,2,443,24,-1,0,-1
6,3,44790,24,-1,0,-1
6,5,443,16,-1,0,-1
6,1,44790,16,-1,0,-1
6,2,443,24,-1,0,-1
6,1,443,17,-1,0,-1
17,2,46092,-1,-1,0,-1
6,49,58574,24,-1,0,-1
6,6,54752,16,-1,0,-1
6,23,43350,24,-1,0,-1
6,129,443,16,-1,0,-1
6,1,443,24,-1,0,-1
6,207,443,16,-1,0,-1
6,4,55232,24,-1,0,-1
17,2,53,-1,-1,0,-1
6,4,443,24,-1,0,-1
6,1,443,16,-1,0,-1
6,1,443,24,-1,0,-1
6,4,443,24,-1,0,-1
6,1,55232,18,-1,0,-1
6,4,443,16,-1,0,-1
6,7,443,16,-1,0,-1
6,125,43350,16,-1,0,-1
6,192,58574,16,-1,0,-1
6,1,56936,16,-1,0,-1
6,6,55232,16,-1,0,-1
6,4,54752,24,-1,0,-1
6,2,443,24,-1,0,-1
6,1,55232,20,-1,0,-1
6,5,44790,24,-1,0,-1
6,5,443,16,-1,0,-1
6,3,44790,16,-1,0,-1
6,2,443,24,-1,0,-1
6,1,443,17,-1,0,-1
17,2,46092,-1,-1,0,-1
6,49,58574,24,-1,0,-1
6,6,54752,16,-1,0,-1
6,23,43350,24,-1,0,-1
6,129,443,16,-1,0,-1
6,1,443,24,-1,0,-1
6,207,443,16,-1,0,-1
6,4,55232,24,-1,0,-1
6,1,56936,24,-1,0,-1
17,4,53,-1,-1,0,-1
6,8,443,24,-1,0,-1
6,4,54824,16,-1,0,-1
6,1,443,16,-1,0,-1
6,1,54824,18,-1,0,-1
6,1,443,24,-1,0,-1
6,1,443,16,-1,0,-1
6,1,443,2,-1,0,-1
6,6,443,16,-1,0,-1
6,6,443,16,-1,0,-1
17,4,46190,-1,-1,0,-1
6,1,43272,16,-1,0,-1
6,1,56936,16,-1,0,-1
6,1,54752,25,-1,0,-1
6,1,54752,24,-1,0,-1
6,2,443,17,-1,0,-1
6,5,443,24,-1,0,-1
6,1,55232,20,-1,0,-1
6,1,443,16,-1,0,-1
6,10,44790,24,-1,0,-1
6,8,44790,16,-1,0,-1
6,1,43272,24,-1,0,-1
17,2,56953,-1,-1,0,-1
6,3,54824,24,-1,0,-1
6,2,443,4,-1,0,-1
17,2,53,-1,-1,0,-1
6,1,80,24,-1,0,-1
6,7,54752,16,-1,0,-1
6,1,43352,16,-1,0,-1
6,2,34490,24,-1,0,-1
6,2,443,24,-1,0,-1
6,2,34490,16,-1,0,-1
6,1,80,16,-1,0,-1
6,1,56936,24,-1,0,-1
17,4,53,-1,-1,0,-1
6,9,443,24,-1,0,-1
6,4,54824,16,-1,0,-1
6,1,54824,18,-1,0,-1
6,2,443,16,-1,0,-1
6,1,53116,16,-1,0,-1
6,1,443,16,-1,0,-1
6,1,443,2,-1,0,-1
6,6,443,16,-1,0,-1
6,6,443,16,-1,0,-1
17,4,46190,-1,-1,0,-1
6,41,58574,16,-1,0,-1
6,1,43272,16,-1,0,-1
6,1,54752,25,-1,0,-1
6,1,54752,24,-1,0,-1
6,2,443,17,-1,0,-1
6,5,443,24,-1,0,-1
6,1,443,16,-1,0,-1
6,2,53114,16,-1,0,-1
6,11,44790,24,-1,0,-1
6,9,44790,16,-1,0,-1
6,1,43272,24,-1,0,-1
6,8,58574,24,-1,0,-1
17,2,56953,-1,-1,0,-1
6,1,80,16,-1,0,-1
6,1,443,24,-1,0,-1
6,3,54824,24,-1,0,-1
6,2,443,4,-1,0,-1
17,2,53,-1,-1,0,-1
6,1,80,24,-1,0,-1
6,7,54752,16,-1,0,-1
6,1,43352,16,-1,0,-1
6,2,34490,24,-1,0,-1
6,2,443,24,-1,0,-1
6,2,34490,16,-1,0,-1
6,48,443,16,-1,0,-1
6,1,80,16,-1,0,-1
6,2,443,16,-1,0,-1
6,1,53116,16,-1,0,-1
6,41,58574,16,-1,0,-1
6,2,53114,16,-1,0,-1
6,8,58574,24,-1,0,-1
6,1,80,16,-1,0,-1
6,1,443,24,-1,0,-1
6,48,443,16,-1,0,-1
17,4,53,-1,-1,0,-1
6,1,43330,18,-1,0,-1
6,2,443,16,-1,0,-1
6,1,53116,16,-1,0,-1
6,10,443,16,-1,0,-1
6,1,43330,20,-1,0,-1
17,4,55459,-1,-1,0,-1
6,9,43330,16,-1,0,-1
6,41,58574,16,-1,0,-1
6,5,43330,24,-1,0,-1
6,4,443,24,-1,0,-1
6,2,53114,16,-1,0,-1
6,1,443,2,-1,0,-1
6,8,58574,24,-1,0,-1
17,2,56953,-1,-1,0,-1
6,1,80,16,-1,0,-1
6,1,443,24,-1,0,-1
17,2,53,-1,-1,0,-1
6,48,443,16,-1,0,-1
6,1,443,17,-1,0,-1
17,4,53,-1,-1,0,-1
6,1,43330,18,-1,0,-1
6,10,443,16,-1,0,-1
6,1,43330,20,-1,0,-1
17,4,55459,-1,-1,0,-1
6,9,43330,16,-1,0,-1
6,5,43330,24,-1,0,-1
6,4,443,24,-1,0,-1
6,1,443,2,-1,0,-1
17,2,56953,-1,-1,0,-1
17,2,53,-1,-1,0,-1
6,1,443,17,-1,0,-1
17,4,53,-1,-1,0,-1
6,2,443,16,-1,0,-1
6,1,54828,18,-1,0,-1
6,3,443,24,-1,0,-1
6,1,43330,18,-1,0,-1
6,2,443,16,-1,0,-1
6,1,53116,16,-1,0,-1
6,1,443,2,-1,0,-1
6,10,443,16,-1,0,-1
6,1,43330,20,-1,0,-1
6,5,443,16,-1,0,-1
17,4,55459,-1,-1,0,-1
6,1,56936,25,-1,0,-1
6,9,43330,16,-1,0,-1
6,90,58574,16,-1,0,-1
6,4,56936,16,-1,0,-1
6,5,43330,24,-1,0,-1
6,1,443,24,-1,0,-1
6,4,443,24,-1,0,-1
6,4,443,24,-1,0,-1
6,1,443,2,-1,0,-1
6,32,58574,24,-1,0,-1
17,2,56953,-1,-1,0,-1
6,1,443,24,-1,0,-1
6,2,53116,24,-1,0,-1
17,2,53,-1,-1,0,-1
6,1,443,17,-1,0,-1
6,108,443,16,-1,0,-1
6,1,443,17,-1,0,-1
6,1,56936,24,-1,0,-1
6,4,54828,16,-1,0,-1
6,5,54828,24,-1,0,-1
6,2,443,16,-1,0,-1
6,1,54828,18,-1,0,-1
6,3,443,24,-1,0,-1
6,2,443,16,-1,0,-1
6,1,53116,16,-1,0,-1
6,1,443,2,-1,0,-1
6,4,58576,24,-1,0,-1
6,5,443,16,-1,0,-1
6,1,56936,25,-1,0,-1
6,91,58574,16,-1,0,-1
6,4,56936,16,-1,0,-1
6,1,443,24,-1,0,-1
6,4,443,24,-1,0,-1
6,33,58574,24,-1,0,-1
6,44,58576,16,-1,0,-1
6,3,443,24,-1,0,-1
6,2,53116,24,-1,0,-1
6,1,443,17,-1,0,-1
6,1,43294,16,-1,0,-1
6,156,443,16,-1,0,-1
6,1,80,16,-1,0,-1
6,1,56936,24,-1,0,-1
6,4,54828,16,-1,0,-1
6,5,54828,24,-1,0,-1
6,2,443,24,-1,0,-1
6,1,43290,16,-1,0,-1
6,4,58576,24,-1,0,-1
6,63,58574,16,-1,0,-1
6,1,44790,24,-1,0,-1
6,2,44790,16,-1,0,-1
6,44,58576,16,-1,0,-1
6,1,443,24,-1,0,-1
6,27,58574,24,-1,0,-1
6,1,43292,16,-1,0,-1
6,1,43296,16,-1,0,-1
6,1,43294,16,-1,0,-1
6,39,443,16,-1,0,-1
6,4,80,16,-1,0,-1
6,1,43350,16,-1,0,-1
6,36,58574,16,-1,0,-1
6,1,443,24,-1,0,-1
6,12,58574,24,-1,0,-1
6,1,443,16,-1,0,-1
6,30,443,16,-1,0,-1
6,140,58574,16,-1,0,-1
6,2,443,24,-1,0,-1
6,57,58574,24,-1,0,-1
6,87,443,16,-1,0,-1
6,382,58574,16,-1,0,-1
6,1,43272,16,-1,0,-1
6,3,443,24,-1,0,-1
6,123,58574,24,-1,0,-1
6,1,43352,16,-1,0,-1
6,1,443,16,-1,0,-1
6,168,443,16,-1,0,-1
6,1,80,16,-1,0,-1
6,1,443,16,-1,0,-1
6,73,58574,16,-1,0,-1
6,1,43272,16,-1,0,-1
6,2,53114,16,-1,0,-1
6,1,80,16,-1,0,-1
6,1,443,24,-1,0,-1
6,33,58574,24,-1,0,-1
6,1,43352,16,-1,0,-1
6,1,443,16,-1,0,-1
6,52,443,16,-1,0,-1
6,1,80,16,-1,0,-1
6,1,443,16,-1,0,-1
6,454,58574,16,-1,0,-1
6,2,53114,16,-1,0,-1
6,1,80,16,-1,0,-1
6,3,443,24,-1,0,-1
6,128,58574,24,-1,0,-1
6,198,443,16,-1,0,-1
6,6,443,24,-1,0,-1
6,3,443,16,-1,0,-1
6,15,58574,16,-1,0,-1
6,6,44790,24,-1,0,-1
6,7,44790,16,-1,0,-1
6,5,58574,24,-1,0,-1
6,1,443,16,-1,0,-1
6,8,443,24,-1,0,-1
6,3,443,16,-1,0,-1
6,1,80,17,-1,0,-1
6,180,58574,16,-1,0,-1
6,1,53114,16,-1,0,-1
6,7,44790,24,-1,0,-1
6,1,53114,25,-1,0,-1
6,9,44790,16,-1,0,-1
6,1,80,16,-1,0,-1
6,1,443,24,-1,0,-1
6,59,58574,24,-1,0,-1
6,101,443,16,-1,0,-1
6,1,443,16,-1,0,-1
6,1,53116,16,-1,0,-1
6,1,80,17,-1,0,-1
6,160,58574,16,-1,0,-1
6,1,53114,16,-1,0,-1
6,1,53114,25,-1,0,-1
6,1,80,16,-1,0,-1
6,2,443,24,-1,0,-1
6,27,58574,24,-1,0,-1
6,52,443,16,-1,0,-1
6,180,58574,16,-1,0,-1
6,1,58576,16,-1,0,-1
6,136,58574,24,-1,0,-1
6,1,43294,16,-1,0,-1
6,257,443,16,-1,0,-1
6,1,80,16,-1,0,-1
6,1,43290,16,-1,0,-1
6,285,58574,16,-1,0,-1
6,1,58576,16,-1,0,-1
6,186,58574,24,-1,0,-1
6,1,43292,16,-1,0,-1
6,1,43296,16,-1,0,-1
6,1,43294,16,-1,0,-1
6,412,443,16,-1,0,-1
6,4,80,16,-1,0,-1
6,3,443,24,-1,0,-1
6,1,43290,16,-1,0,-1
6,2,443,16,-1,0,-1
6,1,43350,16,-1,0,-1
6,6,44790,24,-1,0,-1
6,3,44790,16,-1,0,-1
6,1,43292,16,-1,0,-1
6,1,43296,16,-1,0,-1
6,1,443,16,-1,0,-1
6,2,443,16,-1,0,-1
6,6,44790,24,-1,0,-1
6,3,443,24,-1,0,-1
6,1,43352,25,-1,0,-1
6,1,443,17,-1,0,-1
6,3,443,16,-1,0,-1
6,1,58834,24,-1,0,-1
6,8,44790,24,-1,0,-1
6,1,443,24,-1,0,-1
6,3,44790,16,-1,0,-1
6,1,58834,16,-1,0,-1
6,2,43352,16,-1,0,-1
6,1,443,24,-1,0,-1
6,1,443,16,-1,0,-1
6,3,443,24,-1,0,-1
6,1,43352,25,-1,0,-1
6,1,443,17,-1,0,-1
6,1,48944,16,-1,0,-1
6,1,443,16,-1,0,-1
6,1,58834,24,-1,0,-1
6,1,43272,16,-1,0,-1
6,1,443,24,-1,0,-1
6,2,53114,16,-1,0,-1
6,1,443,24,-1,0,-1
6,1,53114,25,-1,0,-1
6,3,44790,16,-1,0,-1
6,1,58834,16,-1,0,-1
6,1,48944,24,-1,0,-1
6,2,43352,16,-1,0,-1
6,1,443,24,-1,0,-1
6,1,443,24,-1,0,-1
6,1,443,17,-1,0,-1
6,1,80,16,-1,0,-1
6,1,443,16,-1,0,-1
6,1,443,16,-1,0,-1
6,1,43152,24,-1,0,-1
6,1,48944,16,-1,0,-1
6,1,443,16,-1,0,-1
6,1,43272,16,-1,0,-1
6,1,443,24,-1,0,-1
6,1,43152,16,-1,0,-1
6,2,53114,16,-1,0,-1
6,1,443,24,-1,0,-1
6,1,53114,25,-1,0,-1
6,1,48944,24,-1,0,-1
6,1,443,24,-1,0,-1
6,1,443,17,-1,0,-1
6,1,80,16,-1,0,-1
17,8,53,-1,-1,0,-1
6,3,443,24,-1,0,-1
6,1,443,16,-1,0,-1
6,1,43152,24,-1,0,-1
6,1,443,2,-1,0,-1
6,9,443,16,-1,0,-1
6,1,443,16,-1,0,-1
6,1,54830,18,-1,0,-1
17,4,42981,-1,-1,0,-1
6,6,443,24,-1,0,-1
6,8,54830,24,-1,0,-1
6,1,43152,16,-1,0,-1
6,3,44790,24,-1,0,-1
6,1,443,24,-1,0,-1
6,3,44790,16,-1,0,-1
17,4,56953,-1,-1,0,-1
6,13,54830,16,-1,0,-1
17,4,53,-1,-1,0,-1
17,4,35250,-1,-1,0,-1
17,8,53,-1,-1,0,-1
6,7,443,24,-1,0,-1
6,1,443,2,-1,0,-1
6,9,443,16,-1,0,-1
6,3,443,16,-1,0,-1
6,1,54830,18,-1,0,-1
17,4,42981,-1,-1,0,-1
6,6,443,24,-1,0,-1
6,8,54830,24,-1,0,-1
6,7,44790,24,-1,0,-1
6,7,44790,16,-1,0,-1
17,4,56953,-1,-1,0,-1
6,13,54830,16,-1,0,-1
17,4,53,-1,-1,0,-1
17,4,35250,-1,-1,0,-1
17,4,53,-1,-1,0,-1
6,6,443,24,-1,0,-1
6,1,443,16,-1,0,-1
6,1,53116,16,-1,0,-1
6,11,443,16,-1,0,-1
6,6,44790,24,-1,0,-1
6,13,44790,16,-1,0,-1
17,2,56953,-1,-1,0,-1
17,2,53,-1,-1,0,-1
17,4,34917,-1,-1,0,-1
17,4,53,-1,-1,0,-1
6,15,443,24,-1,0,-1
6,1,58576,16,-1,0,-1
6,1,443,16,-1,0,-1
6,1,53116,16,-1,0,-1
6,17,443,16,-1,0,-1
6,17,44790,24,-1,0,-1
6,23,44790,16,-1,0,-1
17,2,56953,-1,-1,0,-1
17,2,53,-1,-1,0,-1
6,1,43294,16,-1,0,-1
6,1,443,16,-1,0,-1
17,4,34917,-1,-1,0,-1
6,1,80,16,-1,0,-1
6,132,58574,16,-1,0,-1
6,1,443,24,-1,0,-1
6,46,58574,24,-1,0,-1
6,1,43294,16,-1,0,-1
6,152,443,16,-1,0,-1
6,1,80,16,-1,0,-1
6,1,38348,16,-1,0,-1
6,1,80,16,-1,0,-1
6,1,38348,16,-1,0,-1
6,1,80,16,-1,0,-1
6,1,38348,16,-1,0,-1
6,1,80,16,-1,0,-1
17,1,5353,-1,-1,0,-1
17,1,5353,-1,-1,0,-1
6,1,80,16,-1,0,-1
6,1,38348,16,-1,0,-1
6,1,80,17,-1,0,-1
6,1,38348,25,-1,0,-1
17,1,5353,-1,-1,0,-1
6,1,80,16,-1,0,-1
6,1,38348,16,-1,0,-1
6,1,80,17,-1,0,-1
6,1,38348,25,-1,0,-1
6,1,80,16,-1,0,-1
6,1,38348,16,-1,0,-1
6,1,80,17,-1,0,-1
6,1,38348,25,-1,0,-1
6,1,80,16,-1,0,-1
6,1,38348,16,-1,0,-1
6,1,80,17,-1,0,-1
6,1,38348,25,-1,0,-1
6,1,80,16,-1,0,-1
6,1,38348,16,-1,0,-1
6,1,80,17,-1,0,-1
6,1,38348,25,-1,0,-1
6,1,80,16,-1,0,-1
6,1,38348,16,-1,0,-1
6,1,80,17,-1,0,-1
6,1,38348,25,-1,0,-1
6,1,80,16,-1,0,-1
6,1,38348,16,-1,0,-1
6,1,80,17,-1,0,-1
6,1,38348,25,-1,0,-1
6,1,80,16,-1,0,-1
6,1,38348,16,-1,0,-1
6,1,80,17,-1,0,-1
6,1,38348,25,-1,0,-1
6,1,80,16,-1,0,-1
6,1,38348,16,-1,0,-1
6,1,80,17,-1,0,-1
6,1,38348,25,-1,0,-1
6,1,80,2,-1,0,-1
6,2,40930,16,-1,0,-1
17,4,53,-1,-1,0,-1
6,1,80,17,-1,0,-1
6,1,41848,16,-1,0,-1
17,4,40223,-1,-1,0,-1
6,1,41848,18,-1,0,-1
17,4,59867,-1,-1,0,-1
6,4,443,16,-1,0,-1
6,2,80,16,-1,0,-1
6,1,80,16,-1,0,-1
17,8,53,-1,-1,0,-1
6,1,41848,24,-1,0,-1
6,2,443,24,-1,0,-1
6,1,38348,16,-1,0,-1
17,4,40828,-1,-1,0,-1
6,1,80,24,-1,0,-1
6,1,40930,18,-1,0,-1
6,1,443,2,-1,0,-1
6,1,38348,25,-1,0,-1
6,3,40930,24,-1,0,-1
6,1,80,2,-1,0,-1
6,6,40930,16,-1,0,-1
17,4,53,-1,-1,0,-1
6,1,41848,16,-1,0,-1
17,4,40223,-1,-1,0,-1
6,1,41848,18,-1,0,-1
17,4,59867,-1,-1,0,-1
6,6,443,16,-1,0,-1
6,2,80,16,-1,0,-1
17,8,53,-1,-1,0,-1
6,1,41848,24,-1,0,-1
6,6,443,24,-1,0,-1
17,4,40828,-1,-1,0,-1
6,1,80,24,-1,0,-1
6,1,40930,18,-1,0,-1
6,1,443,2,-1,0,-1
6,7,40930,24,-1,0,-1
6,45,40930,16,-1,0,-1
17,4,53,-1,-1,0,-1
17,4,40223,-1,-1,0,-1
6,46,443,16,-1,0,-1
17,4,56195,-1,-1,0,-1
17,8,53,-1,-1,0,-1
17,4,52550,-1,-1,0,-1
6,2,443,24,-1,0,-1
6,30,40930,24,-1,0,-1
6,45,40930,16,-1,0,-1
6,5,48434,16,-1,0,-1
17,6,53,-1,-1,0,-1
6,1,41848,16,-1,0,-1
6,1,80,16,-1,0,-1
17,6,40223,-1,-1,0,-1
6,46,443,16,-1,0,-1
17,4,56195,-1,-1,0,-1
6,1,443,2,-1,0,-1
17,12,53,-1,-1,0,-1
6,4,48434,24,-1,0,-1
6,4,443,24,-1,0,-1
17,4,52550,-1,-1,0,-1
6,6,443,16,-1,0,-1
17,4,54389,-1,-1,0,-1
6,1,48434,18,-1,0,-1
6,2,443,24,-1,0,-1
6,1,80,24,-1,0,-1
6,1,41848,24,-1,0,-1
6,30,40930,24,-1,0,-1
6,5,48434,16,-1,0,-1
6,1,41848,16,-1,0,-1
6,1,80,16,-1,0,-1
6,1,443,2,-1,0,-1
6,4,48434,24,-1,0,-1
6,4,443,24,-1,0,-1
6,6,443,16,-1,0,-1
17,4,54389,-1,-1,0,-1
6,1,48434,18,-1,0,-1
6,1,80,24,-1,0,-1
6,1,41848,24,-1,0,-1
6,5,48434,16,-1,0,-1
6,1,41848,16,-1,0,-1
6,1,80,16,-1,0,-1
6,1,443,2,-1,0,-1
6,4,48434,24,-1,0,-1
6,4,443,24,-1,0,-1
6,6,443,16,-1,0,-1
17,4,54389,-1,-1,0,-1
6,1,48434,18,-1,0,-1
6,1,80,24,-1,0,-1
6,1,41848,24,-1,0,-1
6,5,48434,16,-1,0,-1
6,1,41848,16,-1,0,-1
6,1,80,16,-1,0,-1
6,1,443,2,-1,0,-1
6,4,48434,24,-1,0,-1
6,4,443,24,-1,0,-1
6,6,443,16,-1,0,-1
17,4,54389,-1,-1,0,-1
6,1,48434,18,-1,0,-1
6,1,80,24,-1,0,-1
6,1,41848,24,-1,0,-1
6,5,48434,16,-1,0,-1
6,1,41848,16,-1,0,-1
6,1,80,16,-1,0,-1
6,1,443,2,-1,0,-1
6,4,48434,24,-1,0,-1
6,4,443,24,-1,0,-1
6,6,443,16,-1,0,-1
17,4,54389,-1,-1,0,-1
6,1,48434,18,-1,0,-1
6,1,80,24,-1,0,-1
6,1,41848,24,-1,0,-1
6,5,48434,16,-1,0,-1
6,1,41848,16,-1,0,-1
6,1,80,16,-1,0,-1
6,1,443,2,-1,0,-1
6,4,48434,24,-1,0,-1
6,4,443,24,-1,0,-1
6,6,443,16,-1,0,-1
17,4,54389,-1,-1,0,-1
6,1,48434,18,-1,0,-1
6,1,80,24,-1,0,-1
6,1,41848,24,-1,0,-1
6,5,48434,16,-1,0,-1
6,1,41848,16,-1,0,-1
6,1,80,16,-1,0,-1
6,1,443,2,-1,0,-1
6,4,48434,24,-1,0,-1
6,4,443,24,-1,0,-1
6,6,443,16,-1,0,-1
17,4,54389,-1,-1,0,-1
6,1,48434,18,-1,0,-1
6,1,80,24,-1,0,-1
6,1,41848,24,-1,0,-1
6,2,80,16,-1,0,-1
6,4,443,24,-1,0,-1
6,2,41848,16,-1,0,-1
17,2,40223,-1,-1,0,-1
17,4,53,-1,-1,0,-1
6,1,443,2,-1,0,-1
17,4,54389,-1,-1,0,-1
6,1,33848,18,-1,0,-1
6,7,33848,16,-1,0,-1
6,9,443,16,-1,0,-1
6,7,33848,24,-1,0,-1
17,2,53,-1,-1,0,-1
6,5,48434,16,-1,0,-1
6,1,443,2,-1,0,-1
6,4,48434,24,-1,0,-1
6,2,41848,24,-1,0,-1
6,6,443,16,-1,0,-1
6,6,443,24,-1,0,-1
6,2,80,24,-1,0,-1
17,4,39570,-1,-1,0,-1
6,1,48434,18,-1,0,-1
17,2,40223,-1,-1,0,-1
17,4,53,-1,-1,0,-1
6,1,443,2,-1,0,-1
6,1,33848,18,-1,0,-1
6,7,33848,16,-1,0,-1
6,9,443,16,-1,0,-1
6,7,33848,24,-1,0,-1
17,2,53,-1,-1,0,-1
6,6,443,24,-1,0,-1
17,4,39570,-1,-1,0,-1
6,78,40930,16,-1,0,-1
6,2,443,24,-1,0,-1
17,2,40223,-1,-1,0,-1
6,3,48438,16,-1,0,-1
17,4,53,-1,-1,0,-1
6,1,443,2,-1,0,-1
6,1,33848,18,-1,0,-1
6,5,443,24,-1,0,-1
6,7,33848,16,-1,0,-1
6,1,48438,24,-1,0,-1
6,9,443,16,-1,0,-1
6,7,33848,24,-1,0,-1
17,2,53,-1,-1,0,-1
6,52,443,16,-1,0,-1
6,26,48434,16,-1,0,-1
6,1,443,2,-1,0,-1
6,11,48434,24,-1,0,-1
6,33,443,16,-1,0,-1
6,6,443,24,-1,0,-1
6,1,48438,18,-1,0,-1
17,4,39570,-1,-1,0,-1
6,31,40930,24,-1,0,-1
6,5,46040,24,-1,0,-1
6,4,443,16,-1,0,-1
6,6,443,24,-1,0,-1
6,1,41848,16,-1,0,-1
17,2,40223,-1,-1,0,-1
6,7,48438,16,-1,0,-1
6,1,443,17,-1,0,-1
6,1,80,16,-1,0,-1
6,4,46040,16,-1,0,-1
17,4,53,-1,-1,0,-1
6,1,46040,18,-1,0,-1
6,3,48438,24,-1,0,-1
6,1,41848,24,-1,0,-1
17,2,53,-1,-1,0,-1
6,4,443,24,-1,0,-1
6,27,48434,16,-1,0,-1
6,1,443,2,-1,0,-1
6,11,48434,24,-1,0,-1
17,4,57085,-1,-1,0,-1
6,35,443,16,-1,0,-1
6,1,443,2,-1,0,-1
6,1,48438,18,-1,0,-1
6,1,443,4,-1,0,-1
6,1,80,24,-1,0,-1
6,5,46040,24,-1,0,-1
6,1,443,16,-1,0,-1
6,1,41848,16,-1,0,-1
6,1,80,16,-1,0,-1
6,4,443,24,-1,0,-1
6,1,41848,24,-1,0,-1
6,37,40930,16,-1,0,-1
6,25,443,16,-1,0,-1
6,1,80,24,-1,0,-1
6,18,40930,24,-1,0,-1
6,5,46040,24,-1,0,-1
6,1,443,16,-1,0,-1
6,1,41848,16,-1,0,-1
6,1,80,16,-1,0,-1
6,8,443,24,-1,0,-1
6,1,41848,24,-1,0,-1
6,43,40930,16,-1,0,-1
6,28,443,16,-1,0,-1
6,1,80,24,-1,0,-1
6,22,40930,24,-1,0,-1
6,16,40930,16,-1,0,-1
6,7,37756,24,-1,0,-1
6,1,443,2,-1,0,-1
17,2,40223,-1,-1,0,-1
17,4,53,-1,-1,0,-1
6,5,443,16,-1,0,-1
6,9,443,24,-1,0,-1
6,1,37756,18,-1,0,-1
17,4,40924,-1,-1,0,-1
17,2,53,-1,-1,0,-1
6,9,443,16,-1,0,-1
6,6,443,24,-1,0,-1
6,6,37756,16,-1,0,-1
6,13,40930,24,-1,0,-1
17,2,49063,-1,-1,0,-1
17,3,40223,-1,-1,0,-1
6,1,80,24,-1,0,-1
17,6,53,-1,-1,0,-1
6,1,52938,18,-1,0,-1
6,2,443,24,-1,0,-1
17,3,53,-1,-1,0,-1
6,1,443,16,-1,0,-1
6,5,443,24,-1,0,-1
6,5,52938,24,-1,0,-1
6,6,52938,16,-1,0,-1
6,1,56234,24,-1,0,-1
6,2,40930,16,-1,0,-1
6,1,80,2,-1,0,-1
6,1,56234,16,-1,0,-1
6,1,56234,18,-1,0,-1
6,2,80,16,-1,0,-1
6,7,443,16,-1,0,-1
17,4,55269,-1,-1,0,-1
6,1,443,2,-1,0,-1
6,2,40930,24,-1,0,-1
17,2,49063,-1,-1,0,-1
17,5,40223,-1,-1,0,-1
6,1,80,24,-1,0,-1
17,10,53,-1,-1,0,-1
6,1,37036,18,-1,0,-1
6,1,37042,18,-1,0,-1
6,1,52938,18,-1,0,-1
6,5,443,24,-1,0,-1
6,1,37040,18,-1,0,-1
17,5,53,-1,-1,0,-1
6,2,443,16,-1,0,-1
6,1,37038,18,-1,0,-1
6,5,443,24,-1,0,-1
6,24,52938,24,-1,0,-1
6,60,52938,16,-1,0,-1
6,1,56234,24,-1,0,-1
6,5,40930,16,-1,0,-1
6,4,443,16,-1,0,-1
6,1,80,2,-1,0,-1
6,1,56234,16,-1,0,-1
6,1,56234,18,-1,0,-1
17,4,42964,-1,-1,0,-1
6,2,80,16,-1,0,-1
6,4,443,2,-1,0,-1
6,56,443,16,-1,0,-1
17,4,55269,-1,-1,0,-1
6,1,443,2,-1,0,-1
6,4,40930,24,-1,0,-1
17,4,40223,-1,-1,0,-1
6,1,80,24,-1,0,-1
6,6,42136,24,-1,0,-1
6,1,37044,16,-1,0,-1
6,6,37040,16,-1,0,-1
6,1,37036,18,-1,0,-1
6,1,37042,18,-1,0,-1
6,1,37040,25,-1,0,-1
17,4,37954,-1,-1,0,-1
6,1,37040,18,-1,0,-1
6,7,37038,16,-1,0,-1
6,1,37044,18,-1,0,-1
17,4,53,-1,-1,0,-1
6,123,37036,16,-1,0,-1
6,3,37042,24,-1,0,-1
6,1,37038,18,-1,0,-1
6,1,40268,18,-1,0,-1
6,1,56234,16,-1,0,-1
6,1,56234,24,-1,0,-1
6,28,443,24,-1,0,-1
6,6,42136,16,-1,0,-1
6,5,40268,24,-1,0,-1
6,4,443,17,-1,0,-1
6,8,443,16,-1,0,-1
6,97,443,16,-1,0,-1
6,1,37042,25,-1,0,-1
6,1,37044,25,-1,0,-1
6,3,37038,24,-1,0,-1
6,1,443,2,-1,0,-1
6,1,443,2,-1,0,-1
6,5,443,24,-1,0,-1
17,8,53,-1,-1,0,-1
6,3,37040,24,-1,0,-1
6,5,443,24,-1,0,-1
6,59,37036,24,-1,0,-1
17,4,42964,-1,-1,0,-1
6,1,37038,25,-1,0,-1
6,1,80,16,-1,0,-1
6,9,40268,16,-1,0,-1
6,5,443,2,-1,0,-1
6,6,37042,16,-1,0,-1
6,8,443,16,-1,0,-1
17,4,39594,-1,-1,0,-1
6,1,42136,18,-1,0,-1
17,4,40223,-1,-1,0,-1
6,1,80,24,-1,0,-1
6,6,42136,24,-1,0,-1
6,1,37044,16,-1,0,-1
6,6,37040,16,-1,0,-1
6,1,37036,18,-1,0,-1
6,1,37042,18,-1,0,-1
6,1,37040,25,-1,0,-1
17,4,37954,-1,-1,0,-1
6,1,37040,18,-1,0,-1
6,7,37038,16,-1,0,-1
6,1,37044,18,-1,0,-1
17,4,53,-1,-1,0,-1
6,123,37036,16,-1,0,-1
6,3,37042,24,-1,0,-1
6,1,37038,18,-1,0,-1
6,1,40268,18,-1,0,-1
6,1,56234,16,-1,0,-1
6,1,56234,24,-1,0,-1
6,28,443,24,-1,0,-1
6,6,42136,16,-1,0,-1
6,5,40268,24,-1,0,-1
6,4,443,17,-1,0,-1
6,8,443,16,-1,0,-1
6,97,443,16,-1,0,-1
6,1,37042,25,-1,0,-1
6,1,37044,25,-1,0,-1
6,3,37038,24,-1,0,-1
6,1,443,2,-1,0,-1
6,1,443,2,-1,0,-1
6,5,443,24,-1,0,-1
17,8,53,-1,-1,0,-1
6,3,37040,24,-1,0,-1
6,5,443,24,-1,0,-1
6,59,37036,24,-1,0,-1
17,4,42964,-1,-1,0,-1
6,1,37038,25,-1,0,-1
6,1,80,16,-1,0,-1
6,9,40268,16,-1,0,-1
6,5,443,2,-1,0,-1
6,6,37042,16,-1,0,-1
6,8,443,16,-1,0,-1
17,4,39594,-1,-1,0,-1
6,1,42136,18,-1,0,-1
6,1,41848,16,-1,0,-1
17,4,40223,-1,-1,0,-1
6,1,80,24,-1,0,-1
6,6,42136,24,-1,0,-1
6,1,37044,16,-1,0,-1
6,6,37040,16,-1,0,-1
6,1,37036,18,-1,0,-1
6,1,37042,18,-1,0,-1
6,1,37040,25,-1,0,-1
17,4,37954,-1,-1,0,-1
6,1,37040,18,-1,0,-1
6,7,37038,16,-1,0,-1
6,1,37044,18,-1,0,-1
17,4,53,-1,-1,0,-1
6,123,37036,16,-1,0,-1
6,3,37042,24,-1,0,-1
6,1,37038,18,-1,0,-1
6,1,40268,18,-1,0,-1
6,1,56234,16,-1,0,-1
6,1,56234,24,-1,0,-1
6,28,443,24,-1,0,-1
6,6,42136,16,-1,0,-1
6,5,40268,24,-1,0,-1
6,4,443,17,-1,0,-1
6,1,80,16,-1,0,-1
6,8,443,16,-1,0,-1
6,97,443,16,-1,0,-1
6,1,37042,25,-1,0,-1
6,1,37044,25,-1,0,-1
6,3,37038,24,-1,0,-1
6,1,443,2,-1,0,-1
6,1,443,2,-1,0,-1
6,5,443,24,-1,0,-1
17,8,53,-1,-1,0,-1
6,3,37040,24,-1,0,-1
6,5,443,24,-1,0,-1
6,59,37036,24,-1,0,-1
17,4,42964,-1,-1,0,-1
6,1,37038,25,-1,0,-1
6,1,80,16,-1,0,-1
6,9,40268,16,-1,0,-1
6,5,443,2,-1,0,-1
6,6,37042,16,-1,0,-1
6,8,443,16,-1,0,-1
17,4,39594,-1,-1,0,-1
6,1,42136,18,-1,0,-1
6,1,41848,16,-1,0,-1
6,1,80,16,-1,0,-1
6,1,41848,16,-1,0,-1
6,54,37036,16,-1,0,-1
6,40,443,16,-1,0,-1
6,5,443,24,-1,0,-1
6,1,80,16,-1,0,-1
6,25,37036,24,-1,0,-1
6,54,37036,16,-1,0,-1
6,40,443,16,-1,0,-1
6,5,443,24,-1,0,-1
6,25,37036,24,-1,0,-1
6,2,443,24,-1,0,-1
6,158,37036,16,-1,0,-1
6,90,443,16,-1,0,-1
6,9,443,24,-1,0,-1
6,1,37522,25,-1,0,-1
6,3,37522,16,-1,0,-1
6,66,37036,24,-1,0,-1
6,1,443,17,-1,0,-1
6,1,443,16,-1,0,-1
6,2,443,24,-1,0,-1
6,1,37522,25,-1,0,-1
6,3,37522,16,-1,0,-1
6,1,443,17,-1,0,-1
6,1,443,16,-1,0,-1
6,2,443,24,-1,0,-1
6,1,37522,25,-1,0,-1
6,3,37522,16,-1,0,-1
6,1,443,17,-1,0,-1
6,1,443,16,-1,0,-1
6,2,443,24,-1,0,-1
6,1,37522,25,-1,0,-1
6,3,37522,16,-1,0,-1
6,1,443,17,-1,0,-1
6,1,443,16,-1,0,-1
6,2,443,24,-1,0,-1
6,1,37522,25,-1,0,-1
6,3,37522,16,-1,0,-1
6,1,56234,16,-1,0,-1
6,1,80,16,-1,0,-1
6,1,443,17,-1,0,-1
6,1,443,16,-1,0,-1
6,158,37036,16,-1,0,-1
6,115,443,16,-1,0,-1
6,25,443,24,-1,0,-1
6,1,56234,16,-1,0,-1
6,1,80,16,-1,0,-1
6,93,37036,24,-1,0,-1
6,1,41848,16,-1,0,-1
6,1,80,16,-1,0,-1
6,1,41848,16,-1,0,-1
17,2,40223,-1,-1,0,-1
17,4,53,-1,-1,0,-1
6,5,37052,16,-1,0,-1
17,2,53,-1,-1,0,-1
17,4,38786,-1,-1,0,-1
6,6,443,16,-1,0,-1
6,4,443,24,-1,0,-1
6,1,80,16,-1,0,-1
6,1,37052,18,-1,0,-1
6,4,37052,24,-1,0,-1
6,1,443,2,-1,0,-1
17,2,40223,-1,-1,0,-1
17,4,53,-1,-1,0,-1
6,5,37052,16,-1,0,-1
17,2,53,-1,-1,0,-1
17,4,38786,-1,-1,0,-1
6,6,443,16,-1,0,-1
6,4,443,24,-1,0,-1
6,1,37052,18,-1,0,-1
6,4,37052,24,-1,0,-1
6,1,443,2,-1,0,-1
17,2,40223,-1,-1,0,-1
17,4,53,-1,-1,0,-1
6,1,9001,16,-1,0,-1
6,5,37052,16,-1,0,-1
17,2,53,-1,-1,0,-1
17,4,38786,-1,-1,0,-1
6,6,443,16,-1,0,-1
6,4,443,24,-1,0,-1
6,1,37052,18,-1,0,-1
6,4,37052,24,-1,0,-1
6,1,443,2,-1,0,-1
6,1,37394,24,-1,0,-1
6,1,9001,16,-1,0,-1
6,1,37394,16,-1,0,-1
6,1,37394,24,-1,0,-1
6,1,9001,24,-1,0,-1
6,1,9001,16,-1,0,-1
6,3,37036,16,-1,0,-1
6,2,443,16,-1,0,-1
6,1,443,24,-1,0,-1
6,1,37394,16,-1,0,-1
6,2,37036,24,-1,0,-1
6,1,37394,24,-1,0,-1
6,1,9001,24,-1,0,-1
6,3,37036,16,-1,0,-1
6,2,443,16,-1,0,-1
6,1,443,24,-1,0,-1
6,2,37036,24,-1,0,-1
17,2,53,-1,-1,0,-1
17,1,53,-1,-1,0,-1
6,3,37036,16,-1,0,-1
6,2,443,16,-1,0,-1
6,1,443,24,-1,0,-1
6,2,37036,24,-1,0,-1
17,4,40223,-1,-1,0,-1
6,2,80,24,-1,0,-1
17,8,53,-1,-1,0,-1
6,1,42146,18,-1,0,-1
17,4,52352,-1,-1,0,-1
17,4,53,-1,-1,0,-1
6,1,34246,16,-1,0,-1
17,4,39526,-1,-1,0,-1
6,6,44798,24,-1,0,-1
6,5,443,24,-1,0,-1
6,8,443,16,-1,0,-1
6,2,56234,24,-1,0,-1
6,1,9001,16,-1,0,-1
6,1,443,2,-1,0,-1
6,6,44798,16,-1,0,-1
6,1,9001,24,-1,0,-1
6,2,56234,16,-1,0,-1
6,2,42146,24,-1,0,-1
6,2,42146,16,-1,0,-1
6,1,443,24,-1,0,-1
6,2,80,16,-1,0,-1
6,4,443,16,-1,0,-1
6,1,443,2,-1,0,-1
6,1,34246,24,-1,0,-1
6,1,44798,18,-1,0,-1
6,1,42146,18,-1,0,-1
17,4,52352,-1,-1,0,-1
6,1,443,2,-1,0,-1
6,6,42146,24,-1,0,-1
6,6,42146,16,-1,0,-1
6,5,443,24,-1,0,-1
6,8,443,16,-1,0,-1
6,1,443,16,-1,0,-1
6,1,41848,16,-1,0,-1
6,2,40930,16,-1,0,-1
6,1,42146,18,-1,0,-1
6,2,443,24,-1,0,-1
17,4,52352,-1,-1,0,-1
6,1,34246,16,-1,0,-1
6,1,443,24,-1,0,-1
6,1,37394,16,-1,0,-1
6,1,80,16,-1,0,-1
6,1,443,2,-1,0,-1
6,1,9001,24,-1,0,-1
6,6,42146,24,-1,0,-1
6,6,42146,16,-1,0,-1
6,5,443,24,-1,0,-1
6,8,443,16,-1,0,-1
6,1,57890,16,-1,0,-1
6,1,9001,24,-1,0,-1
6,2,40930,24,-1,0,-1
6,7,443,16,-1,0,-1
6,2,443,24,-1,0,-1
6,11,40930,16,-1,0,-1
6,4,443,24,-1,0,-1
6,10,48434,24,-1,0,-1
6,31,443,16,-1,0,-1
6,54,48434,16,-1,0,-1
6,7,40930,24,-1,0,-1
6,7,443,16,-1,0,-1
6,4,443,24,-1,0,-1
6,11,40930,16,-1,0,-1
6,4,443,24,-1,0,-1
6,28,48434,24,-1,0,-1
6,57,443,16,-1,0,-1
6,105,48434,16,-1,0,-1
6,7,40930,24,-1,0,-1
6,2,443,24,-1,0,-1
6,2,443,16,-1,0,-1
6,5,40930,16,-1,0,-1
6,2,40930,24,-1,0,-1
6,4,443,24,-1,0,-1
6,3,443,16,-1,0,-1
6,7,40930,16,-1,0,-1
6,4,40930,24,-1,0,-1
6,2,443,24,-1,0,-1
6,1,443,16,-1,0,-1
6,3,40930,16,-1,0,-1
6,2,40930,24,-1,0,-1
6,2,443,24,-1,0,-1
6,1,443,16,-1,0,-1
6,3,40930,16,-1,0,-1
6,2,40930,24,-1,0,-1
17,2,40223,-1,-1,0,-1
17,4,53,-1,-1,0,-1
6,2,443,24,-1,0,-1
17,2,53,-1,-1,0,-1
6,1,443,16,-1,0,-1
6,3,443,24,-1,0,-1
6,1,52938,24,-1,0,-1
6,3,52938,16,-1,0,-1
6,3,40930,16,-1,0,-1
17,4,57336,-1,-1,0,-1
6,1,443,16,-1,0,-1
6,2,40930,24,-1,0,-1
17,2,40223,-1,-1,0,-1
17,4,53,-1,-1,0,-1
17,2,53,-1,-1,0,-1
6,3,443,24,-1,0,-1
6,2,52938,24,-1,0,-1
6,3,52938,16,-1,0,-1
17,4,57336,-1,-1,0,-1
6,1,56234,16,-1,0,-1
6,1,80,16,-1,0,-1
6,2,443,16,-1,0,-1
6,1,56234,16,-1,0,-1
6,1,80,16,-1,0,-1
6,1,41848,16,-1,0,-1
17,2,40223,-1,-1,0,-1
17,4,53,-1,-1,0,-1
17,2,53,-1,-1,0,-1
6,2,443,24,-1,0,-1
6,2,52938,24,-1,0,-1
6,2,52938,16,-1,0,-1
6,1,80,16,-1,0,-1
17,4,48552,-1,-1,0,-1
6,1,56234,16,-1,0,-1
6,1,80,16,-1,0,-1
6,2,443,16,-1,0,-1
6,2,52938,24,-1,0,-1
6,2,443,16,-1,0,-1
6,2,52938,24,-1,0,-1
6,2,443,16,-1,0,-1
6,2,52938,24,-1,0,-1
6,2,443,16,-1,0,-1
6,2,52938,24,-1,0,-1
6,2,443,16,-1,0,-1
6,2,52938,24,-1,0,-1
6,2,443,16,-1,0,-1
17,2,40223,-1,-1,0,-1
17,4,53,-1,-1,0,-1
17,4,33462,-1,-1,0,-1
17,2,53,-1,-1,0,-1
6,3,443,24,-1,0,-1
6,3,52938,24,-1,0,-1
6,3,52938,16,-1,0,-1
6,3,443,16,-1,0,-1
17,4,40223,-1,-1,0,-1
6,2,42136,24,-1,0,-1
17,8,53,-1,-1,0,-1
17,4,38173,-1,-1,0,-1
17,4,33462,-1,-1,0,-1
17,4,53,-1,-1,0,-1
6,4,443,24,-1,0,-1
6,2,52938,24,-1,0,-1
6,4,52938,16,-1,0,-1
6,2,42136,16,-1,0,-1
6,4,42148,24,-1,0,-1
6,1,42148,18,-1,0,-1
6,1,443,2,-1,0,-1
6,1,443,17,-1,0,-1
6,6,443,24,-1,0,-1
6,8,443,16,-1,0,-1
6,6,42148,16,-1,0,-1
6,2,443,16,-1,0,-1
6,1,42148,25,-1,0,-1
6,1,443,4,-1,0,-1
6,13,42136,24,-1,0,-1
6,12,42136,16,-1,0,-1
6,4,443,24,-1,0,-1
6,5,52938,24,-1,0,-1
6,4,52938,16,-1,0,-1
6,1,443,24,-1,0,-1
6,24,443,16,-1,0,-1
6,5,443,16,-1,0,-1
6,43,42136,24,-1,0,-1
6,58,42136,16,-1,0,-1
6,14,37036,16,-1,0,-1
6,4,443,24,-1,0,-1
6,1,52938,24,-1,0,-1
6,4,52938,16,-1,0,-1
6,2,443,24,-1,0,-1
6,11,443,16,-1,0,-1
6,1,56234,16,-1,0,-1
6,1,80,16,-1,0,-1
6,65,443,16,-1,0,-1
6,12,37036,24,-1,0,-1
6,1,443,16,-1,0,-1
6,1,41848,16,-1,0,-1
6,14,37036,16,-1,0,-1
6,2,443,24,-1,0,-1
6,1,40268,24,-1,0,-1
6,1,80,16,-1,0,-1
6,11,443,16,-1,0,-1
6,1,443,16,-1,0,-1
6,1,443,24,-1,0,-1
6,12,37036,24,-1,0,-1
6,1,40268,16,-1,0,-1
6,1,41848,16,-1,0,-1
6,1,80,16,-1,0,-1
6,1,41848,16,-1,0,-1
6,1,80,16,-1,0,-1
6,1,41848,16,-1,0,-1
6,1,80,16,-1,0,-1
6,1,41848,16,-1,0,-1
6,1,33848,24,-1,0,-1
6,1,33848,16,-1,0,-1
6,1,443,24,-1,0,-1
6,1,80,16,-1,0,-1
6,1,33848,24,-1,0,-1
6,1,33848,16,-1,0,-1
6,1,443,24,-1,0,-1
6,1,443,16,-1,0,-1
6,1,33848,24,-1,0,-1
6,1,33848,16,-1,0,-1
6,1,443,24,-1,0,-1
6,1,443,16,-1,0,-1
6,1,46040,24,-1,0,-1
6,1,443,16,-1,0,-1
6,2,42136,24,-1,0,-1
6,1,46040,16,-1,0,-1
6,1,33848,24,-1,0,-1
6,1,33848,16,-1,0,-1
6,1,42136,16,-1,0,-1
6,1,443,24,-1,0,-1
6,1,443,24,-1,0,-1
6,1,443,16,-1,0,-1
6,1,443,24,-1,0,-1
6,2,443,16,-1,0,-1
6,1,46040,24,-1,0,-1
6,1,443,16,-1,0,-1
6,2,42136,24,-1,0,-1
6,1,46040,16,-1,0,-1
6,1,42136,16,-1,0,-1
6,12,37036,16,-1,0,-1
6,8,443,16,-1,0,-1
6,1,443,24,-1,0,-1
6,1,443,24,-1,0,-1
6,1,443,24,-1,0,-1
6,5,37036,24,-1,0,-1
6,2,443,16,-1,0,-1
6,1,46040,24,-1,0,-1
6,1,443,16,-1,0,-1
6,2,42136,24,-1,0,-1
6,1,46040,16,-1,0,-1
6,1,42136,16,-1,0,-1
6,12,37036,16,-1,0,-1
6,8,443,16,-1,0,-1
6,1,443,24,-1,0,-1
6,1,443,24,-1,0,-1
6,1,56234,16,-1,0,-1
6,1,443,24,-1,0,-1
6,5,37036,24,-1,0,-1
6,2,443,16,-1,0,-1
6,1,80,16,-1,0,-1
6,1,41848,16,-1,0,-1
6,5,37036,16,-1,0,-1
6,1,37756,24,-1,0,-1
6,1,443,24,-1,0,-1
6,1,37756,16,-1,0,-1
6,3,443,16,-1,0,-1
6,2,443,24,-1,0,-1
6,1,80,16,-1,0,-1
6,1,56234,16,-1,0,-1
6,2,37036,24,-1,0,-1
6,1,80,16,-1,0,-1
6,1,41848,16,-1,0,-1
6,1,443,16,-1,0,-1
6,5,37036,16,-1,0,-1
6,1,37756,24,-1,0,-1
6,1,443,24,-1,0,-1
6,1,37756,16,-1,0,-1
6,6,443,16,-1,0,-1
6,1,443,24,-1,0,-1
6,1,80,16,-1,0,-1
6,2,37036,24,-1,0,-1
6,5,37036,16,-1,0,-1
6,6,443,16,-1,0,-1
6,1,443,24,-1,0,-1
6,2,37036,24,-1,0,-1
17,50,50123,-1,-1,0,-1
6,1,56234,16,-1,0,-1
6,1,42198,16,-1,0,-1
6,1,42198,24,-1,0,-1
6,1,443,24,-1,0,-1
6,1,80,16,-1,0,-1
6,1,443,16,-1,0,-1
17,47,50123,-1,-1,0,-1
6,2,443,24,-1,0,-1
6,3,46040,16,-1,0,-1
6,1,46040,25,-1,0,-1
6,1,443,16,-1,0,-1
6,1,443,17,-1,0,-1
17,51,50123,-1,-1,0,-1
6,1,443,16,-1,0,-1
6,1,42324,16,-1,0,-1
17,51,50123,-1,-1,0,-1
17,84,43620,-1,-1,0,-1
17,51,50123,-1,-1,0,-1
17,19,43620,-1,-1,0,-1
6,3,37756,16,-1,0,-1
6,2,443,24,-1,0,-1
6,1,443,17,-1,0,-1
6,1,443,16,-1,0,-1
6,1,37756,25,-1,0,-1
17,49,50123,-1,-1,0,-1
17,54,43620,-1,-1,0,-1
6,1,37036,24,-1,0,-1
6,1,37036,16,-1,0,-1
6,4,443,16,-1,0,-1
6,1,443,16,-1,0,-1
6,1,443,24,-1,0,-1
17,4,60574,-1,-1,0,-1
17,2,53,-1,-1,0,-1
6,1,443,24,-1,0,-1
6,4,52938,24,-1,0,-1
6,1,52938,16,-1,0,-1
17,4,53,-1,-1,0,-1
17,2,40223,-1,-1,0,-1
17,100,50123,-1,-1,0,-1
17,59,43620,-1,-1,0,-1
6,1,37036,24,-1,0,-1
6,1,80,16,-1,0,-1
6,1,37036,16,-1,0,-1
6,4,443,16,-1,0,-1
6,1,443,16,-1,0,-1
6,1,443,24,-1,0,-1
17,4,60574,-1,-1,0,-1
17,2,53,-1,-1,0,-1
6,1,443,24,-1,0,-1
6,4,52938,24,-1,0,-1
6,1,52938,16,-1,0,-1
17,4,53,-1,-1,0,-1
6,1,41848,16,-1,0,-1
17,2,40223,-1,-1,0,-1
17,51,50123,-1,-1,0,-1
17,28,43620,-1,-1,0,-1
17,100,50123,-1,-1,0,-1
17,111,43620,-1,-1,0,-1
17,51,50123,-1,-1,0,-1
17,14,43620,-1,-1,0,-1
17,55,50123,-1,-1,0,-1
17,64,43620,-1,-1,0,-1
6,1,56234,16,-1,0,-1
6,1,80,16,-1,0,-1
17,48,50123,-1,-1,0,-1
17,70,43620,-1,-1,0,-1
17,49,50123,-1,-1,0,-1
17,46,43620,-1,-1,0,-1
6,1,443,16,-1,0,-1
6,2,443,16,-1,0,-1
6,3,42136,24,-1,0,-1
6,1,42324,16,-1,0,-1
6,2,52938,24,-1,0,-1
17,4,57844,-1,-1,0,-1
17,4,53,-1,-1,0,-1
6,4,443,24,-1,0,-1
6,4,42136,16,-1,0,-1
17,8,53,-1,-1,0,-1
17,4,35712,-1,-1,0,-1
17,4,40223,-1,-1,0,-1
6,3,443,16,-1,0,-1
17,26,50123,-1,-1,0,-1
17,2,40002,-1,-1,0,-1
6,1,443,16,-1,0,-1
17,1,46861,-1,-1,0,-1
6,1,52938,24,-1,0,-1
17,4,53,-1,-1,0,-1
1,1,-1,1,3,0,-1
6,6,42136,24,-1,0,-1
17,4,36711,-1,-1,0,-1
17,4,57353,-1,-1,0,-1
6,4,42136,16,-1,0,-1
6,4,443,24,-1,0,-1
17,8,53,-1,-1,0,-1
17,4,40223,-1,-1,0,-1
6,5,443,16,-1,0,-1
17,26,50123,-1,-1,0,-1
6,2,3478,24,-1,0,-1
17,2,40002,-1,-1,0,-1
6,1,443,16,-1,0,-1
17,1,46861,-1,-1,0,-1
6,2,443,17,-1,0,-1
6,1,52938,24,-1,0,-1
6,2,45111,16,-1,0,-1
6,1,40759,25,-1,0,-1
6,2,40759,16,-1,0,-1
17,4,53,-1,-1,0,-1
6,2,35549,16,-1,0,-1
1,1,-1,1,3,0,-1
6,1,35549,25,-1,0,-1
17,100,43620,-1,-1,0,-1
6,6,42136,24,-1,0,-1
17,4,36711,-1,-1,0,-1
6,2,3478,17,-1,0,-1
17,4,57353,-1,-1,0,-1
6,2,45231,16,-1,0,-1
6,4,42136,16,-1,0,-1
6,1,45111,25,-1,0,-1
6,1,45231,25,-1,0,-1
6,4,443,24,-1,0,-1
6,2,443,24,-1,0,-1
17,8,53,-1,-1,0,-1
17,4,40223,-1,-1,0,-1
1,6,-1,1,3,0,-1
6,5,443,16,-1,0,-1
6,2,3478,24,-1,0,-1
6,1,37594,16,-1,0,-1
6,1,37594,24,-1,0,-1
6,2,443,17,-1,0,-1
6,3,443,16,-1,0,-1
17,2,53,-1,-1,0,-1
6,2,45111,16,-1,0,-1
6,1,40759,25,-1,0,-1
6,2,443,24,-1,0,-1
6,2,40759,16,-1,0,-1
6,2,52938,16,-1,0,-1
6,1,443,16,-1,0,-1
6,2,35549,16,-1,0,-1
6,1,35549,25,-1,0,-1
17,138,43620,-1,-1,0,-1
6,1,443,24,-1,0,-1
6,2,42136,24,-1,0,-1
6,2,443,24,-1,0,-1
17,4,44249,-1,-1,0,-1
6,2,3478,17,-1,0,-1
6,2,45231,16,-1,0,-1
6,2,42136,16,-1,0,-1
6,1,45111,25,-1,0,-1
6,1,45231,25,-1,0,-1
6,3,52938,24,-1,0,-1
6,2,443,24,-1,0,-1
17,4,53,-1,-1,0,-1
17,2,40223,-1,-1,0,-1
1,7,-1,1,3,0,-1
6,2,443,16,-1,0,-1
6,1,443,16,-1,0,-1
6,1,80,16,-1,0,-1
6,1,443,17,-1,0,-1
6,2,42324,16,-1,0,-1
17,2,53,-1,-1,0,-1
6,1,41848,16,-1,0,-1
17,58,43620,-1,-1,0,-1
6,3,42136,24,-1,0,-1
17,4,35413,-1,-1,0,-1
6,1,443,24,-1,0,-1
6,1,42324,25,-1,0,-1
6,7,42136,16,-1,0,-1
6,3,443,24,-1,0,-1
17,4,53,-1,-1,0,-1
17,2,40223,-1,-1,0,-1
1,1,-1,1,3,0,-1
6,6,443,16,-1,0,-1
6,1,80,16,-1,0,-1
6,1,41848,16,-1,0,-1
6,1,80,16,-1,0,-1
6,2,443,16,-1,0,-1
6,1,443,24,-1,0,-1
6,1,52938,16,-1,0,-1
6,1,41848,16,-1,0,-1
6,2,52938,24,-1,0,-1
6,2,443,16,-1,0,-1
6,1,443,24,-1,0,-1
6,1,52938,16,-1,0,-1
6,2,52938,24,-1,0,-1
6,2,443,16,-1,0,-1
6,1,443,24,-1,0,-1
6,1,52938,16,-1,0,-1
6,1,56234,16,-1,0,-1
6,2,52938,24,-1,0,-1
17,4,43500,-1,-1,0,-1
6,5,42136,16,-1,0,-1
6,5,443,24,-1,0,-1
17,2,53,-1,-1,0,-1
17,4,53,-1,-1,0,-1
17,2,40223,-1,-1,0,-1
6,4,443,16,-1,0,-1
6,1,42136,24,-1,0,-1
6,2,443,16,-1,0,-1
6,1,443,16,-1,0,-1
6,2,52938,24,-1,0,-1
6,1,42136,24,-1,0,-1
6,2,443,16,-1,0,-1
6,1,443,16,-1,0,-1
6,2,52938,24,-1,0,-1
6,1,42136,24,-1,0,-1
6,2,443,16,-1,0,-1
6,1,443,16,-1,0,-1
6,2,52938,24,-1,0,-1
6,1,42136,24,-1,0,-1
6,2,443,16,-1,0,-1
6,1,443,16,-1,0,-1
6,2,52938,24,-1,0,-1
6,2,42136,16,-1,0,-1
17,4,43468,-1,-1,0,-1
6,6,52938,24,-1,0,-1
6,1,443,24,-1,0,-1
17,4,53,-1,-1,0,-1
6,6,443,16,-1,0,-1
17,2,40223,-1,-1,0,-1
6,4,443,16,-1,0,-1
6,4,42136,24,-1,0,-1
6,1,52938,16,-1,0,-1
6,2,443,24,-1,0,-1
17,2,53,-1,-1,0,-1
6,2,42136,16,-1,0,-1
17,4,43468,-1,-1,0,-1
6,2,52938,24,-1,0,-1
6,2,443,24,-1,0,-1
17,4,53,-1,-1,0,-1
6,2,443,16,-1,0,-1
17,2,40223,-1,-1,0,-1
6,2,52938,16,-1,0,-1
6,2,443,24,-1,0,-1
17,2,53,-1,-1,0,-1
6,1,52824,25,-1,0,-1
6,1,443,4,-1,0,-1
6,1,42136,16,-1,0,-1
6,2,52938,24,-1,0,-1
6,3,52824,16,-1,0,-1
6,1,443,17,-1,0,-1
6,2,443,16,-1,0,-1
6,1,42136,24,-1,0,-1
6,2,443,24,-1,0,-1
6,1,443,16,-1,0,-1
6,1,443,24,-1,0,-1
6,1,52824,25,-1,0,-1
6,1,443,4,-1,0,-1
6,1,42136,16,-1,0,-1
6,2,52938,24,-1,0,-1
6,3,52824,16,-1,0,-1
6,1,443,24,-1,0,-1
6,1,42198,25,-1,0,-1
6,1,443,17,-1,0,-1
6,1,443,17,-1,0,-1
6,2,443,16,-1,0,-1
6,2,42136,24,-1,0,-1
6,3,42198,16,-1,0,-1
6,2,443,24,-1,0,-1
6,1,52938,16,-1,0,-1
6,2,443,16,-1,0,-1
6,1,443,4,-1,0,-1
6,3,443,24,-1,0,-1
6,2,52938,24,-1,0,-1
6,1,443,4,-1,0,-1
6,2,443,16,-1,0,-1
17,2,40002,-1,-1,0,-1
6,1,443,24,-1,0,-1
17,30,35266,-1,-1,0,-1
6,1,443,17,-1,0,-1
6,1,42198,25,-1,0,-1
6,3,42198,16,-1,0,-1
6,1,52938,16,-1,0,-1
17,30,51585,-1,-1,0,-1
6,1,52938,24,-1,0,-1
6,1,443,16,-1,0,-1
6,1,443,24,-1,0,-1
17,52,35266,-1,-1,0,-1
6,1,52938,16,-1,0,-1
17,50,51585,-1,-1,0,-1
6,2,42136,24,-1,0,-1
6,2,443,16,-1,0,-1
6,1,443,24,-1,0,-1
6,1,42136,16,-1,0,-1
17,51,35266,-1,-1,0,-1
17,50,51585,-1,-1,0,-1
17,51,35266,-1,-1,0,-1
17,51,51585,-1,-1,0,-1
17,52,35266,-1,-1,0,-1
17,52,51585,-1,-1,0,-1
17,50,35266,-1,-1,0,-1
17,50,51585,-1,-1,0,-1
17,102,35266,-1,-1,0,-1
17,52,51585,-1,-1,0,-1
17,48,35266,-1,-1,0,-1
17,51,51585,-1,-1,0,-1
17,52,35266,-1,-1,0,-1
17,49,51585,-1,-1,0,-1
17,53,35266,-1,-1,0,-1
17,52,51585,-1,-1,0,-1
17,49,35266,-1,-1,0,-1
17,51,51585,-1,-1,0,-1
17,102,35266,-1,-1,0,-1
17,102,51585,-1,-1,0,-1
17,50,35266,-1,-1,0,-1
17,51,51585,-1,-1,0,-1
17,51,35266,-1,-1,0,-1
17,50,51585,-1,-1,0,-1
17,52,35266,-1,-1,0,-1
17,52,51585,-1,-1,0,-1
17,51,35266,-1,-1,0,-1
17,50,51585,-1,-1,0,-1
17,50,35266,-1,-1,0,-1
17,50,51585,-1,-1,0,-1
17,46,35266,-1,-1,0,-1
17,49,51585,-1,-1,0,-1
17,11,35266,-1,-1,0,-1
17,51,51585,-1,-1,0,-1
17,39,35266,-1,-1,0,-1
17,52,51585,-1,-1,0,-1
17,40,35266,-1,-1,0,-1
17,51,51585,-1,-1,0,-1
17,30,35266,-1,-1,0,-1
17,49,51585,-1,-1,0,-1
17,51,51585,-1,-1,0,-1
17,49,51585,-1,-1,0,-1
17,51,51585,-1,-1,0,-1
17,51,51585,-1,-1,0,-1
17,50,51585,-1,-1,0,-1
17,49,51585,-1,-1,0,-1
17,157,35266,-1,-1,0,-1
17,53,51585,-1,-1,0,-1
17,50,51585,-1,-1,0,-1
17,25,40002,-1,-1,0,-1
17,120,35266,-1,-1,0,-1
17,77,51585,-1,-1,0,-1
17,51,35266,-1,-1,0,-1
17,51,51585,-1,-1,0,-1
17,70,35266,-1,-1,0,-1
17,51,51585,-1,-1,0,-1
17,36,35266,-1,-1,0,-1
17,52,51585,-1,-1,0,-1
17,66,35266,-1,-1,0,-1
17,49,51585,-1,-1,0,-1
17,53,35266,-1,-1,0,-1
17,53,51585,-1,-1,0,-1
6,1,443,24,-1,0,-1
6,1,443,16,-1,0,-1
6,1,37110,24,-1,0,-1
17,44,35266,-1,-1,0,-1
6,1,37110,16,-1,0,-1
17,51,51585,-1,-1,0,-1
17,17,35266,-1,-1,0,-1
17,50,51585,-1,-1,0,-1
17,49,51585,-1,-1,0,-1
6,2,42136,24,-1,0,-1
17,4,53,-1,-1,0,-1
17,2,40223,-1,-1,0,-1
17,4,39452,-1,-1,0,-1
6,3,443,24,-1,0,-1
6,5,42136,16,-1,0,-1
6,4,443,16,-1,0,-1
17,50,51585,-1,-1,0,-1
17,2,53,-1,-1,0,-1
17,43,35266,-1,-1,0,-1
17,49,51585,-1,-1,0,-1
17,51,35266,-1,-1,0,-1
17,54,51585,-1,-1,0,-1
17,50,51585,-1,-1,0,-1
17,49,51585,-1,-1,0,-1
17,49,51585,-1,-1,0,-1
17,24,35266,-1,-1,0,-1
17,51,51585,-1,-1,0,-1
17,124,35266,-1,-1,0,-1
17,51,51585,-1,-1,0,-1
6,1,443,24,-1,0,-1
6,4,52938,24,-1,0,-1
17,4,53,-1,-1,0,-1
6,4,443,16,-1,0,-1
17,2,40223,-1,-1,0,-1
6,1,57890,16,-1,0,-1
6,1,443,24,-1,0,-1
17,51,35266,-1,-1,0,-1
17,4,55833,-1,-1,0,-1
6,1,52938,16,-1,0,-1
17,52,51585,-1,-1,0,-1
17,2,53,-1,-1,0,-1
17,50,51585,-1,-1,0,-1
17,193,35266,-1,-1,0,-1
17,50,51585,-1,-1,0,-1
17,47,35266,-1,-1,0,-1
17,51,51585,-1,-1,0,-1
6,2,52938,24,-1,0,-1
17,4,53,-1,-1,0,-1
17,4,46011,-1,-1,0,-1
6,2,443,16,-1,0,-1
17,2,40223,-1,-1,0,-1
6,1,443,24,-1,0,-1
17,48,35266,-1,-1,0,-1
6,1,52938,16,-1,0,-1
17,51,51585,-1,-1,0,-1
17,2,53,-1,-1,0,-1
17,12,35266,-1,-1,0,-1
17,49,51585,-1,-1,0,-1
17,117,35266,-1,-1,0,-1
17,49,51585,-1,-1,0,-1
17,53,35266,-1,-1,0,-1
17,52,51585,-1,-1,0,-1
17,53,35266,-1,-1,0,-1
17,52,51585,-1,-1,0,-1
6,2,42136,24,-1,0,-1
17,4,53,-1,-1,0,-1
17,2,40223,-1,-1,0,-1
6,5,443,16,-1,0,-1
6,3,443,24,-1,0,-1
6,6,42136,16,-1,0,-1
17,4,34999,-1,-1,0,-1
17,50,51585,-1,-1,0,-1
17,2,53,-1,-1,0,-1
17,45,35266,-1,-1,0,-1
17,52,51585,-1,-1,0,-1
17,51,51585,-1,-1,0,-1
17,97,35266,-1,-1,0,-1
17,50,51585,-1,-1,0,-1
17,31,35266,-1,-1,0,-1
17,50,51585,-1,-1,0,-1
17,51,51585,-1,-1,0,-1
17,51,51585,-1,-1,0,-1
17,51,51585,-1,-1,0,-1
17,50,51585,-1,-1,0,-1
17,84,35266,-1,-1,0,-1
17,51,51585,-1,-1,0,-1
17,138,35266,-1,-1,0,-1
17,51,51585,-1,-1,0,-1
17,132,35266,-1,-1,0,-1
17,53,51585,-1,-1,0,-1
17,81,35266,-1,-1,0,-1
17,51,51585,-1,-1,0,-1
17,45,35266,-1,-1,0,-1
17,52,51585,-1,-1,0,-1
17,3,35266,-1,-1,0,-1
17,46,51585,-1,-1,0,-1
17,3,35266,-1,-1,0,-1
17,51,51585,-1,-1,0,-1
1,1,-1,1,3,0,-1
17,2,40002,-1,-1,0,-1
17,17,51585,-1,-1,0,-1
17,1,41984,-1,-1,0,-1
6,8,42136,24,-1,0,-1
17,16,53,-1,-1,0,-1
6,3,443,16,-1,0,-1
17,8,40223,-1,-1,0,-1
6,5,443,16,-1,0,-1
17,4,41898,-1,-1,0,-1
1,1,-1,1,3,0,-1
6,8,443,24,-1,0,-1
6,8,42136,16,-1,0,-1
17,2,40002,-1,-1,0,-1
17,4,34863,-1,-1,0,-1
17,4,39982,-1,-1,0,-1
17,4,36932,-1,-1,0,-1
6,3,52938,24,-1,0,-1
17,17,51585,-1,-1,0,-1
17,1,41984,-1,-1,0,-1
17,8,53,-1,-1,0,-1
6,2,42745,16,-1,0,-1
6,2,42655,16,-1,0,-1
6,2,38953,16,-1,0,-1
6,1,38953,25,-1,0,-1
6,1,42745,25,-1,0,-1
6,2,443,17,-1,0,-1
6,1,42655,25,-1,0,-1
6,2,443,24,-1,0,-1
6,2,3478,17,-1,0,-1
6,1,443,16,-1,0,-1
1,3,-1,1,3,0,-1
6,2,3478,24,-1,0,-1
17,3,35266,-1,-1,0,-1
6,2,45851,16,-1,0,-1
6,1,45851,25,-1,0,-1
6,2,42745,16,-1,0,-1
6,1,443,24,-1,0,-1
6,2,42655,16,-1,0,-1
6,2,38953,16,-1,0,-1
6,2,52938,24,-1,0,-1
6,1,38953,25,-1,0,-1
6,1,52938,16,-1,0,-1
6,2,443,16,-1,0,-1
6,1,42745,25,-1,0,-1
6,2,443,17,-1,0,-1
6,1,42655,25,-1,0,-1
6,2,443,24,-1,0,-1
6,2,3478,17,-1,0,-1
6,1,443,16,-1,0,-1
1,6,-1,1,3,0,-1
6,2,3478,24,-1,0,-1
17,184,35266,-1,-1,0,-1
6,2,45851,16,-1,0,-1
6,1,45851,25,-1,0,-1
6,2,443,24,-1,0,-1
6,3,52938,24,-1,0,-1
17,4,53,-1,-1,0,-1
6,2,52938,16,-1,0,-1
6,3,443,16,-1,0,-1
17,2,40223,-1,-1,0,-1
6,3,443,16,-1,0,-1
6,2,443,24,-1,0,-1
17,4,60487,-1,-1,0,-1
6,2,42136,16,-1,0,-1
17,71,35266,-1,-1,0,-1
1,1,-1,1,3,0,-1
6,3,42136,24,-1,0,-1
17,2,53,-1,-1,0,-1
6,1,37114,18,-1,0,-1
17,2,55506,-1,-1,0,-1
17,10,53,-1,-1,0,-1
6,5,37114,24,-1,0,-1
17,5,40223,-1,-1,0,-1
6,5,443,16,-1,0,-1
6,6,443,24,-1,0,-1
6,3,443,24,-1,0,-1
17,4,60487,-1,-1,0,-1
6,4,443,16,-1,0,-1
6,1,443,2,-1,0,-1
6,6,37114,16,-1,0,-1
6,3,42136,16,-1,0,-1
17,71,35266,-1,-1,0,-1
17,4,42740,-1,-1,0,-1
1,1,-1,1,3,0,-1
6,5,42136,24,-1,0,-1
17,5,53,-1,-1,0,-1
6,1,37114,18,-1,0,-1
17,2,55506,-1,-1,0,-1
6,5,37114,24,-1,0,-1
6,6,443,24,-1,0,-1
6,4,443,16,-1,0,-1
6,1,443,2,-1,0,-1
6,6,37114,16,-1,0,-1
17,4,42740,-1,-1,0,-1
6,1,37114,18,-1,0,-1
17,2,55506,-1,-1,0,-1
6,5,37114,24,-1,0,-1
6,6,443,24,-1,0,-1
6,4,443,16,-1,0,-1
6,1,443,2,-1,0,-1
6,6,37114,16,-1,0,-1
17,92,35266,-1,-1,0,-1
17,4,42740,-1,-1,0,-1
1,3,-1,1,3,0,-1
17,95,35266,-1,-1,0,-1
1,4,-1,1,3,0,-1
6,3,52938,24,-1,0,-1
6,3,443,16,-1,0,-1
6,1,443,24,-1,0,-1
6,1,52938,16,-1,0,-1
6,3,52938,24,-1,0,-1
6,3,443,16,-1,0,-1
6,1,443,24,-1,0,-1
6,1,52938,16,-1,0,-1
6,3,52938,24,-1,0,-1
6,3,443,16,-1,0,-1
6,1,443,24,-1,0,-1
6,1,52938,16,-1,0,-1
6,3,52938,24,-1,0,-1
6,3,443,16,-1,0,-1
6,1,443,24,-1,0,-1
6,1,52938,16,-1,0,-1
6,1,443,2,-1,0,-1
6,1,37124,18,-1,0,-1
17,14,53,-1,-1,0,-1
6,4,52882,16,-1,0,-1
6,1,443,2,-1,0,-1
17,7,40223,-1,-1,0,-1
17,4,44386,-1,-1,0,-1
6,1,52882,18,-1,0,-1
17,4,40852,-1,-1,0,-1
17,2,55237,-1,-1,0,-1
17,4,54589,-1,-1,0,-1
6,3,52882,24,-1,0,-1
6,4,443,24,-1,0,-1
17,7,53,-1,-1,0,-1
6,4,37124,16,-1,0,-1
6,2,443,16,-1,0,-1
6,3,443,16,-1,0,-1
6,4,37124,24,-1,0,-1
6,4,443,24,-1,0,-1
6,2,443,2,-1,0,-1
6,1,37124,18,-1,0,-1
6,19,42210,16,-1,0,-1
17,4,44386,-1,-1,0,-1
6,21,37126,24,-1,0,-1
6,3,52882,24,-1,0,-1
6,4,37124,16,-1,0,-1
6,2,443,16,-1,0,-1
6,30,443,16,-1,0,-1
6,8,42210,24,-1,0,-1
6,12,443,24,-1,0,-1
6,4,37124,24,-1,0,-1
17,22,53,-1,-1,0,-1
6,4,52882,16,-1,0,-1
6,1,443,2,-1,0,-1
17,11,40223,-1,-1,0,-1
6,1,37126,18,-1,0,-1
6,1,52882,18,-1,0,-1
17,4,40852,-1,-1,0,-1
17,2,55237,-1,-1,0,-1
17,4,54589,-1,-1,0,-1
17,4,58173,-1,-1,0,-1
17,4,59375,-1,-1,0,-1
6,4,443,24,-1,0,-1
17,11,53,-1,-1,0,-1
6,25,37126,16,-1,0,-1
6,23,443,16,-1,0,-1
6,4,443,24,-1,0,-1
6,1,443,16,-1,0,-1
6,1,42210,24,-1,0,-1
17,4,59375,-1,-1,0,-1
6,1,443,2,-1,0,-1
6,21,37128,16,-1,0,-1
6,1,37124,24,-1,0,-1
6,1,37128,18,-1,0,-1
17,1,5353,-1,-1,0,-1
6,3,37124,16,-1,0,-1
6,53,37126,16,-1,0,-1
6,45,443,16,-1,0,-1
6,1,443,16,-1,0,-1
6,1,443,17,-1,0,-1
6,1,42210,24,-1,0,-1
6,15,37126,24,-1,0,-1
17,4,59375,-1,-1,0,-1
6,10,37128,24,-1,0,-1
6,17,443,24,-1,0,-1
6,1,37126,25,-1,0,-1
6,1,443,2,-1,0,-1
6,21,37128,16,-1,0,-1
6,1,37124,24,-1,0,-1
6,1,37128,18,-1,0,-1
17,1,5353,-1,-1,0,-1
6,3,37124,16,-1,0,-1
6,1,443,24,-1,0,-1
6,53,37126,16,-1,0,-1
6,45,443,16,-1,0,-1
6,1,443,17,-1,0,-1
6,1,52938,16,-1,0,-1
6,1,52938,24,-1,0,-1
6,15,37126,24,-1,0,-1
6,1,443,16,-1,0,-1
6,10,37128,24,-1,0,-1
6,17,443,24,-1,0,-1
6,1,37126,25,-1,0,-1
6,1,443,24,-1,0,-1
6,1,52938,16,-1,0,-1
6,1,52938,24,-1,0,-1
6,1,443,16,-1,0,-1
6,26,37128,16,-1,0,-1
6,4,37124,24,-1,0,-1
6,8,37124,16,-1,0,-1
6,1,443,24,-1,0,-1
6,23,443,16,-1,0,-1
6,1,443,20,-1,0,-1
6,6,443,24,-1,0,-1
6,1,52938,16,-1,0,-1
6,1,52938,24,-1,0,-1
6,1,37128,25,-1,0,-1
6,1,443,16,-1,0,-1
6,6,37128,24,-1,0,-1
6,5,37124,24,-1,0,-1
6,13,37124,16,-1,0,-1
6,8,443,16,-1,0,-1
6,2,443,24,-1,0,-1
6,5,37124,24,-1,0,-1
6,13,37124,16,-1,0,-1
6,8,443,16,-1,0,-1
6,2,443,24,-1,0,-1
6,5,37124,24,-1,0,-1
6,13,37124,16,-1,0,-1
6,8,443,16,-1,0,-1
6,2,443,24,-1,0,-1
6,5,37124,24,-1,0,-1
6,1,52938,16,-1,0,-1
17,4,33711,-1,-1,0,-1
6,13,37124,16,-1,0,-1
6,1,443,24,-1,0,-1
6,8,443,16,-1,0,-1
6,1,443,16,-1,0,-1
6,2,443,24,-1,0,-1
17,4,53,-1,-1,0,-1
6,3,42210,24,-1,0,-1
6,1,52938,24,-1,0,-1
17,2,40223,-1,-1,0,-1
6,2,42210,16,-1,0,-1
17,2,53,-1,-1,0,-1
6,3,443,16,-1,0,-1
6,2,443,24,-1,0,-1
6,1,52938,16,-1,0,-1
17,4,33711,-1,-1,0,-1
6,1,443,24,-1,0,-1
6,1,443,16,-1,0,-1
17,8,53,-1,-1,0,-1
6,5,42210,24,-1,0,-1
6,1,52938,24,-1,0,-1
17,4,33326,-1,-1,0,-1
17,4,40223,-1,-1,0,-1
6,4,42210,16,-1,0,-1
17,4,53,-1,-1,0,-1
6,5,443,16,-1,0,-1
6,4,443,24,-1,0,-1
6,1,53036,18,-1,0,-1
6,4,42210,16,-1,0,-1
6,1,443,17,-1,0,-1
6,1,53036,25,-1,0,-1
6,3,52938,24,-1,0,-1
6,2,52938,16,-1,0,-1
6,6,443,24,-1,0,-1
6,7,443,16,-1,0,-1
6,4,443,16,-1,0,-1
6,3,53036,24,-1,0,-1
17,8,53,-1,-1,0,-1
6,3,42210,24,-1,0,-1
17,4,57678,-1,-1,0,-1
17,4,40223,-1,-1,0,-1
17,4,33326,-1,-1,0,-1
6,7,53036,16,-1,0,-1
6,1,443,2,-1,0,-1
6,1,443,4,-1,0,-1
17,4,54273,-1,-1,0,-1
17,4,53,-1,-1,0,-1
6,3,443,24,-1,0,-1
6,1,53036,18,-1,0,-1
17,4,40918,-1,-1,0,-1
6,6,42210,16,-1,0,-1
6,1,443,17,-1,0,-1
6,1,53036,25,-1,0,-1
6,6,52938,24,-1,0,-1
6,5,52938,16,-1,0,-1
6,7,443,24,-1,0,-1
6,12,443,16,-1,0,-1
6,6,443,16,-1,0,-1
6,3,53036,24,-1,0,-1
17,12,53,-1,-1,0,-1
6,5,42210,24,-1,0,-1
17,4,57678,-1,-1,0,-1
17,6,40223,-1,-1,0,-1
6,7,53036,16,-1,0,-1
6,1,443,2,-1,0,-1
6,1,443,4,-1,0,-1
17,4,54273,-1,-1,0,-1
17,6,53,-1,-1,0,-1
6,5,443,24,-1,0,-1
17,4,40918,-1,-1,0,-1
17,4,40918,-1,-1,0,-1
6,1,443,24,-1,0,-1
6,2,52938,24,-1,0,-1
6,1,52938,16,-1,0,-1
6,2,443,16,-1,0,-1
6,1,443,24,-1,0,-1
6,3,52938,24,-1,0,-1
6,1,52938,16,-1,0,-1
6,3,443,16,-1,0,-1
6,3,42210,16,-1,0,-1
17,4,57974,-1,-1,0,-1
6,1,443,16,-1,0,-1
17,4,53,-1,-1,0,-1
6,1,42210,24,-1,0,-1
17,2,40223,-1,-1,0,-1
17,2,53,-1,-1,0,-1
6,3,443,24,-1,0,-1
6,5,42210,16,-1,0,-1
6,1,52882,24,-1,0,-1
6,1,52882,25,-1,0,-1
17,4,57974,-1,-1,0,-1
6,2,443,16,-1,0,-1
6,4,443,16,-1,0,-1
17,4,43658,-1,-1,0,-1
6,7,52882,16,-1,0,-1
17,8,53,-1,-1,0,-1
6,6,42210,24,-1,0,-1
17,4,40223,-1,-1,0,-1
6,1,443,17,-1,0,-1
6,4,443,24,-1,0,-1
17,4,53,-1,-1,0,-1
6,5,443,24,-1,0,-1
6,2,42210,16,-1,0,-1
6,1,52882,24,-1,0,-1
6,1,52882,25,-1,0,-1
6,2,443,16,-1,0,-1
17,4,32895,-1,-1,0,-1
6,2,443,16,-1,0,-1
17,4,43658,-1,-1,0,-1
6,7,52882,16,-1,0,-1
17,4,53,-1,-1,0,-1
6,2,42210,24,-1,0,-1
17,2,40223,-1,-1,0,-1
6,1,443,17,-1,0,-1
6,4,443,24,-1,0,-1
17,2,53,-1,-1,0,-1
6,2,443,24,-1,0,-1
6,2,42210,16,-1,0,-1
17,4,32895,-1,-1,0,-1
6,2,443,16,-1,0,-1
17,4,53,-1,-1,0,-1
6,2,42210,24,-1,0,-1
17,2,40223,-1,-1,0,-1
17,2,53,-1,-1,0,-1
6,2,443,24,-1,0,-1
6,4,42210,16,-1,0,-1
17,4,32895,-1,-1,0,-1
6,3,443,16,-1,0,-1
17,8,53,-1,-1,0,-1
6,3,42210,24,-1,0,-1
17,4,34996,-1,-1,0,-1
17,4,40223,-1,-1,0,-1
17,4,53,-1,-1,0,-1
6,4,443,24,-1,0,-1
6,1,443,24,-1,0,-1
6,1,52938,24,-1,0,-1
6,1,52938,16,-1,0,-1
6,1,443,16,-1,0,-1
6,1,443,16,-1,0,-1
6,1,42210,24,-1,0,-1
17,4,34996,-1,-1,0,-1
6,1,42210,16,-1,0,-1
6,2,52938,24,-1,0,-1
6,1,52938,16,-1,0,-1
6,1,443,24,-1,0,-1
6,2,443,16,-1,0,-1
6,2,443,16,-1,0,-1
6,1,37124,16,-1,0,-1
17,4,53,-1,-1,0,-1
6,2,42210,24,-1,0,-1
17,2,40223,-1,-1,0,-1
6,1,37124,24,-1,0,-1
17,4,51422,-1,-1,0,-1
17,2,53,-1,-1,0,-1
6,1,443,24,-1,0,-1
6,1,443,24,-1,0,-1
6,4,42210,16,-1,0,-1
17,4,53987,-1,-1,0,-1
6,5,52938,24,-1,0,-1
6,3,52938,16,-1,0,-1
6,3,443,24,-1,0,-1
6,1,443,16,-1,0,-1
6,5,443,16,-1,0,-1
6,3,443,16,-1,0,-1
6,1,37124,16,-1,0,-1
17,8,53,-1,-1,0,-1
6,3,42210,24,-1,0,-1
17,4,40223,-1,-1,0,-1
6,1,37124,24,-1,0,-1
17,4,51422,-1,-1,0,-1
17,4,53,-1,-1,0,-1
6,1,443,24,-1,0,-1
6,4,443,24,-1,0,-1
6,11,42210,16,-1,0,-1
6,4,443,16,-1,0,-1
6,2,49907,25,-1,0,-1
17,4,53987,-1,-1,0,-1
17,4,55266,-1,-1,0,-1
6,4,3478,16,-1,0,-1
6,3,3478,2,-1,0,-1
17,2,35792,-1,-1,0,-1
17,7,53,-1,-1,0,-1
6,20,37124,16,-1,0,-1
6,9,37124,24,-1,0,-1
6,14,443,16,-1,0,-1
6,1,43217,18,-1,0,-1
6,2,49907,16,-1,0,-1
6,8,443,16,-1,0,-1
6,3,443,2,-1,0,-1
6,2,49907,18,-1,0,-1
6,1,45883,18,-1,0,-1
17,4,42636,-1,-1,0,-1
17,14,53,-1,-1,0,-1
6,7,42210,24,-1,0,-1
17,7,40223,-1,-1,0,-1
17,2,37472,-1,-1,0,-1
17,2,56803,-1,-1,0,-1
6,1,40465,18,-1,0,-1
17,4,53596,-1,-1,0,-1
17,4,3478,-1,-1,0,-1
6,1,443,17,-1,0,-1
6,1,46301,18,-1,0,-1
17,4,40002,-1,-1,0,-1
6,2,443,24,-1,0,-1
6,10,443,24,-1,0,-1
6,1,3478,17,-1,0,-1
6,1,40465,24,-1,0,-1
6,1,45883,16,-1,0,-1
6,2,443,24,-1,0,-1
6,6,3478,16,-1,0,-1
17,4,35792,-1,-1,0,-1
6,1,40465,16,-1,0,-1
17,4,33129,-1,-1,0,-1
6,1,46301,16,-1,0,-1
6,1,43217,24,-1,0,-1
6,1,46301,18,-1,0,-1
6,3,443,16,-1,0,-1
6,3,443,2,-1,0,-1
6,2,49907,18,-1,0,-1
17,24,53,-1,-1,0,-1
6,12,42210,24,-1,0,-1
17,4,46781,-1,-1,0,-1
6,2,49907,16,-1,0,-1
6,1,40465,18,-1,0,-1
6,1,443,17,-1,0,-1
6,2,3478,24,-1,0,-1
17,4,53596,-1,-1,0,-1
17,2,37472,-1,-1,0,-1
17,4,3478,-1,-1,0,-1
17,4,52184,-1,-1,0,-1
6,12,42210,16,-1,0,-1
17,2,56803,-1,-1,0,-1
6,2,49907,25,-1,0,-1
6,1,45883,24,-1,0,-1
6,3,52938,24,-1,0,-1
17,4,55028,-1,-1,0,-1
6,1,46301,24,-1,0,-1
17,12,53,-1,-1,0,-1
6,3,3478,2,-1,0,-1
6,1,43217,18,-1,0,-1
6,1,43217,16,-1,0,-1
6,12,443,16,-1,0,-1
17,4,55266,-1,-1,0,-1
17,4,47095,-1,-1,0,-1
6,6,443,16,-1,0,-1
17,12,40223,-1,-1,0,-1
17,4,41939,-1,-1,0,-1
6,1,45883,18,-1,0,-1
6,12,443,24,-1,0,-1
6,1,3478,17,-1,0,-1
6,1,40465,24,-1,0,-1
6,1,443,24,-1,0,-1
6,1,45883,16,-1,0,-1
6,2,443,24,-1,0,-1
17,4,50480,-1,-1,0,-1
6,1,40465,16,-1,0,-1
6,1,46301,16,-1,0,-1
6,1,52938,16,-1,0,-1
6,1,43217,24,-1,0,-1
6,7,443,16,-1,0,-1
17,8,53,-1,-1,0,-1
6,7,42210,24,-1,0,-1
6,2,3478,24,-1,0,-1
17,4,52184,-1,-1,0,-1
6,4,42210,16,-1,0,-1
6,1,45883,24,-1,0,-1
6,7,52938,24,-1,0,-1
6,1,46301,24,-1,0,-1
17,4,53,-1,-1,0,-1
6,1,43217,16,-1,0,-1
6,7,443,16,-1,0,-1
17,4,40223,-1,-1,0,-1
17,4,60612,-1,-1,0,-1
17,4,41939,-1,-1,0,-1
6,4,443,24,-1,0,-1
6,1,443,24,-1,0,-1
6,1,45883,16,-1,0,-1
6,2,443,24,-1,0,-1
6,2,3478,16,-1,0,-1
6,1,40465,16,-1,0,-1
6,1,52938,16,-1,0,-1
6,1,46301,16,-1,0,-1
6,1,443,16,-1,0,-1
6,1,43217,24,-1,0,-1
6,1,40465,24,-1,0,-1
6,2,3478,24,-1,0,-1
6,1,45883,24,-1,0,-1
6,1,52938,24,-1,0,-1
6,1,46301,24,-1,0,-1
6,1,43217,16,-1,0,-1
6,2,443,16,-1,0,-1
6,2,443,24,-1,0,-1
6,2,52938,16,-1,0,-1
6,3,443,16,-1,0,-1
17,16,53,-1,-1,0,-1
6,8,42210,24,-1,0,-1
17,4,50849,-1,-1,0,-1
17,8,53,-1,-1,0,-1
17,4,41382,-1,-1,0,-1
6,8,42210,16,-1,0,-1
6,3,52938,24,-1,0,-1
6,7,443,16,-1,0,-1
17,8,40223,-1,-1,0,-1
17,4,44590,-1,-1,0,-1
6,8,443,24,-1,0,-1
17,4,55866,-1,-1,0,-1
6,1,443,24,-1,0,-1
17,4,38388,-1,-1,0,-1
6,1,52938,16,-1,0,-1
6,7,443,16,-1,0,-1
17,4,53,-1,-1,0,-1
6,2,42210,24,-1,0,-1
17,2,53,-1,-1,0,-1
6,3,42210,16,-1,0,-1
6,7,52938,24,-1,0,-1
6,2,443,16,-1,0,-1
17,2,40223,-1,-1,0,-1
6,3,443,24,-1,0,-1
6,1,443,24,-1,0,-1
6,1,52938,16,-1,0,-1
6,8,443,16,-1,0,-1
17,4,53,-1,-1,0,-1
6,2,42210,24,-1,0,-1
17,2,53,-1,-1,0,-1
6,2,42210,16,-1,0,-1
6,8,52938,24,-1,0,-1
17,4,32837,-1,-1,0,-1
6,2,443,16,-1,0,-1
17,2,40223,-1,-1,0,-1
6,2,443,24,-1,0,-1
6,1,443,24,-1,0,-1
6,1,52938,16,-1,0,-1
6,8,443,16,-1,0,-1
17,4,53,-1,-1,0,-1
6,2,42210,24,-1,0,-1
17,2,53,-1,-1,0,-1
6,2,42210,16,-1,0,-1
6,8,52938,24,-1,0,-1
17,4,32837,-1,-1,0,-1
6,2,443,16,-1,0,-1
17,2,40223,-1,-1,0,-1
6,2,443,24,-1,0,-1
6,1,443,24,-1,0,-1
6,1,52938,16,-1,0,-1
6,8,443,16,-1,0,-1
17,4,53,-1,-1,0,-1
6,4,42210,24,-1,0,-1
17,2,53,-1,-1,0,-1
17,23,37472,-1,-1,0,-1
6,3,42210,16,-1,0,-1
6,8,52938,24,-1,0,-1
17,25,59086,-1,-1,0,-1
17,4,32837,-1,-1,0,-1
6,4,443,16,-1,0,-1
17,2,40223,-1,-1,0,-1
17,3,59086,-1,-1,0,-1
6,3,443,24,-1,0,-1
6,1,443,24,-1,0,-1
6,1,52938,16,-1,0,-1
6,1,443,16,-1,0,-1
17,51,37472,-1,-1,0,-1
6,1,52938,24,-1,0,-1
17,50,59086,-1,-1,0,-1
17,1,59086,-1,-1,0,-1
6,2,443,16,-1,0,-1
17,51,37472,-1,-1,0,-1
6,2,52938,24,-1,0,-1
17,51,59086,-1,-1,0,-1
17,1,59086,-1,-1,0,-1
6,1,443,24,-1,0,-1
6,1,52938,16,-1,0,-1
6,3,443,16,-1,0,-1
17,51,37472,-1,-1,0,-1
6,3,52938,24,-1,0,-1
17,51,59086,-1,-1,0,-1
17,1,59086,-1,-1,0,-1
17,52,37472,-1,-1,0,-1
17,51,59086,-1,-1,0,-1
17,50,37472,-1,-1,0,-1
17,51,59086,-1,-1,0,-1
6,1,443,24,-1,0,-1
6,1,52938,16,-1,0,-1
6,3,443,16,-1,0,-1
17,50,37472,-1,-1,0,-1
6,3,52938,24,-1,0,-1
17,51,59086,-1,-1,0,-1
17,1,59086,-1,-1,0,-1
17,52,37472,-1,-1,0,-1
17,53,59086,-1,-1,0,-1
17,1,59086,-1,-1,0,-1
17,50,37472,-1,-1,0,-1
17,48,59086,-1,-1,0,-1
6,1,443,24,-1,0,-1
6,1,52938,16,-1,0,-1
6,2,443,16,-1,0,-1
17,52,37472,-1,-1,0,-1
6,2,52938,24,-1,0,-1
17,52,59086,-1,-1,0,-1
6,1,443,24,-1,0,-1
6,1,52938,16,-1,0,-1
17,50,37472,-1,-1,0,-1
17,50,59086,-1,-1,0,-1
17,51,37472,-1,-1,0,-1
17,50,59086,-1,-1,0,-1
17,51,37472,-1,-1,0,-1
17,51,59086,-1,-1,0,-1
17,50,37472,-1,-1,0,-1
17,51,59086,-1,-1,0,-1
17,50,59086,-1,-1,0,-1
17,49,37472,-1,-1,0,-1
17,100,59086,-1,-1,0,-1
17,99,37472,-1,-1,0,-1
17,53,37472,-1,-1,0,-1
17,52,59086,-1,-1,0,-1
6,1,52938,16,-1,0,-1
17,50,37472,-1,-1,0,-1
6,1,443,16,-1,0,-1
17,49,59086,-1,-1,0,-1
6,1,52938,24,-1,0,-1
6,1,443,24,-1,0,-1
17,51,59086,-1,-1,0,-1
17,50,37472,-1,-1,0,-1
17,51,37472,-1,-1,0,-1
17,49,59086,-1,-1,0,-1
17,52,37472,-1,-1,0,-1
17,53,59086,-1,-1,0,-1
17,50,37472,-1,-1,0,-1
17,50,59086,-1,-1,0,-1
17,53,37472,-1,-1,0,-1
17,53,59086,-1,-1,0,-1
6,1,52938,16,-1,0,-1
17,50,37472,-1,-1,0,-1
6,1,443,16,-1,0,-1
17,50,59086,-1,-1,0,-1
6,1,443,24,-1,0,-1
6,1,52938,24,-1,0,-1
17,50,59086,-1,-1,0,-1
17,51,37472,-1,-1,0,-1
17,49,37472,-1,-1,0,-1
17,51,59086,-1,-1,0,-1
17,52,37472,-1,-1,0,-1
17,50,59086,-1,-1,0,-1
17,51,37472,-1,-1,0,-1
17,52,59086,-1,-1,0,-1
17,51,37472,-1,-1,0,-1
17,52,59086,-1,-1,0,-1
6,1,52938,16,-1,0,-1
17,50,59086,-1,-1,0,-1
6,1,443,16,-1,0,-1
17,50,37472,-1,-1,0,-1
6,1,443,24,-1,0,-1
6,1,52938,24,-1,0,-1
17,51,37472,-1,-1,0,-1
17,50,59086,-1,-1,0,-1
17,51,37472,-1,-1,0,-1
6,2,443,16,-1,0,-1
17,52,59086,-1,-1,0,-1
6,2,52938,24,-1,0,-1
17,2,53,-1,-1,0,-1
17,52,37472,-1,-1,0,-1
17,2,40223,-1,-1,0,-1
17,4,45861,-1,-1,0,-1
17,50,59086,-1,-1,0,-1
6,1,52938,16,-1,0,-1
17,4,53,-1,-1,0,-1
6,2,443,16,-1,0,-1
6,1,443,24,-1,0,-1
6,2,52938,24,-1,0,-1
17,51,59086,-1,-1,0,-1
17,51,37472,-1,-1,0,-1
17,51,37472,-1,-1,0,-1
17,51,59086,-1,-1,0,-1
17,50,37472,-1,-1,0,-1
17,49,59086,-1,-1,0,-1
17,51,59086,-1,-1,0,-1
17,52,37472,-1,-1,0,-1
6,1,52938,16,-1,0,-1
17,51,37472,-1,-1,0,-1
6,1,443,16,-1,0,-1
17,53,59086,-1,-1,0,-1
6,1,443,24,-1,0,-1
6,1,52938,24,-1,0,-1
17,51,37472,-1,-1,0,-1
17,50,59086,-1,-1,0,-1
17,50,37472,-1,-1,0,-1
17,49,59086,-1,-1,0,-1
17,50,37472,-1,-1,0,-1
17,52,59086,-1,-1,0,-1
6,1,37124,16,-1,0,-1
17,52,59086,-1,-1,0,-1
6,1,443,16,-1,0,-1
17,52,37472,-1,-1,0,-1
6,1,443,24,-1,0,-1
6,1,37124,24,-1,0,-1
6,1,52938,16,-1,0,-1
17,51,37472,-1,-1,0,-1
6,1,443,16,-1,0,-1
17,50,59086,-1,-1,0,-1
6,1,443,24,-1,0,-1
6,1,52938,24,-1,0,-1
17,52,37472,-1,-1,0,-1
17,51,59086,-1,-1,0,-1
17,50,37472,-1,-1,0,-1
17,50,59086,-1,-1,0,-1
17,50,59086,-1,-1,0,-1
17,51,37472,-1,-1,0,-1
17,52,37472,-1,-1,0,-1
17,54,59086,-1,-1,0,-1
17,50,37472,-1,-1,0,-1
17,49,59086,-1,-1,0,-1
6,1,52938,16,-1,0,-1
17,52,37472,-1,-1,0,-1
6,1,443,16,-1,0,-1
17,52,59086,-1,-1,0,-1
6,1,443,24,-1,0,-1
6,1,52938,24,-1,0,-1
17,50,37472,-1,-1,0,-1
17,51,59086,-1,-1,0,-1
17,50,59086,-1,-1,0,-1
17,49,37472,-1,-1,0,-1
17,2,53,-1,-1,0,-1
17,53,37472,-1,-1,0,-1
17,2,40223,-1,-1,0,-1
17,4,46408,-1,-1,0,-1
17,51,59086,-1,-1,0,-1
17,4,53,-1,-1,0,-1
6,2,42210,24,-1,0,-1
6,3,443,16,-1,0,-1
6,4,42210,16,-1,0,-1
6,3,443,24,-1,0,-1
17,51,37472,-1,-1,0,-1
17,51,59086,-1,-1,0,-1
17,51,37472,-1,-1,0,-1
17,51,59086,-1,-1,0,-1
6,1,52938,16,-1,0,-1
17,51,59086,-1,-1,0,-1
17,51,37472,-1,-1,0,-1
6,1,52938,24,-1,0,-1
6,1,443,16,-1,0,-1
6,1,443,24,-1,0,-1
17,51,37472,-1,-1,0,-1
17,50,59086,-1,-1,0,-1
17,2,53,-1,-1,0,-1
17,51,59086,-1,-1,0,-1
17,2,40223,-1,-1,0,-1
17,52,37472,-1,-1,0,-1
17,4,53,-1,-1,0,-1
6,2,52938,24,-1,0,-1
6,2,443,16,-1,0,-1
17,4,60845,-1,-1,0,-1
6,1,52938,16,-1,0,-1
6,1,443,24,-1,0,-1
6,4,52938,16,-1,0,-1
17,50,59086,-1,-1,0,-1
17,50,37472,-1,-1,0,-1
6,2,52938,24,-1,0,-1
6,5,443,16,-1,0,-1
6,1,443,24,-1,0,-1
17,52,37472,-1,-1,0,-1
17,51,59086,-1,-1,0,-1
17,51,59086,-1,-1,0,-1
17,50,37472,-1,-1,0,-1
17,52,59086,-1,-1,0,-1
17,51,37472,-1,-1,0,-1
17,52,37472,-1,-1,0,-1
17,51,59086,-1,-1,0,-1
6,1,52938,16,-1,0,-1
17,50,37472,-1,-1,0,-1
17,50,59086,-1,-1,0,-1
6,1,52938,24,-1,0,-1
6,1,443,16,-1,0,-1
6,1,443,24,-1,0,-1
17,52,59086,-1,-1,0,-1
17,52,37472,-1,-1,0,-1
17,50,59086,-1,-1,0,-1
17,49,37472,-1,-1,0,-1
6,2,52938,24,-1,0,-1
6,2,443,16,-1,0,-1
6,1,52938,16,-1,0,-1
17,50,37472,-1,-1,0,-1
17,50,59086,-1,-1,0,-1
6,1,52938,24,-1,0,-1
6,1,443,16,-1,0,-1
6,1,443,24,-1,0,-1
17,53,37472,-1,-1,0,-1
17,52,59086,-1,-1,0,-1
17,51,37472,-1,-1,0,-1
17,50,59086,-1,-1,0,-1
17,51,37472,-1,-1,0,-1
17,52,59086,-1,-1,0,-1
17,2,53,-1,-1,0,-1
17,50,59086,-1,-1,0,-1
17,2,40223,-1,-1,0,-1
17,31,37472,-1,-1,0,-1
17,4,53,-1,-1,0,-1
6,1,42210,24,-1,0,-1
6,1,443,16,-1,0,-1
6,2,42210,16,-1,0,-1
6,2,443,24,-1,0,-1
17,4,51876,-1,-1,0,-1
17,2,53,-1,-1,0,-1
17,50,59086,-1,-1,0,-1
17,2,40223,-1,-1,0,-1
17,58,37472,-1,-1,0,-1
17,4,53,-1,-1,0,-1
6,2,42210,24,-1,0,-1
6,2,443,16,-1,0,-1
6,2,42210,16,-1,0,-1
6,2,443,24,-1,0,-1
17,4,51876,-1,-1,0,-1
6,1,52938,16,-1,0,-1
17,52,59086,-1,-1,0,-1
17,64,37472,-1,-1,0,-1
6,1,52938,24,-1,0,-1
6,1,443,16,-1,0,-1
6,1,443,24,-1,0,-1
17,52,59086,-1,-1,0,-1
17,44,37472,-1,-1,0,-1
17,49,59086,-1,-1,0,-1
17,32,37472,-1,-1,0,-1
17,78,37472,-1,-1,0,-1
17,52,59086,-1,-1,0,-1
17,50,59086,-1,-1,0,-1
17,50,37472,-1,-1,0,-1
6,1,52938,16,-1,0,-1
17,52,59086,-1,-1,0,-1
17,46,37472,-1,-1,0,-1
6,1,52938,24,-1,0,-1
6,1,443,16,-1,0,-1
6,1,443,24,-1,0,-1
17,51,59086,-1,-1,0,-1
17,57,37472,-1,-1,0,-1
17,50,37472,-1,-1,0,-1
17,50,59086,-1,-1,0,-1
17,45,37472,-1,-1,0,-1
17,50,59086,-1,-1,0,-1
17,37,37472,-1,-1,0,-1
17,53,59086,-1,-1,0,-1
17,51,59086,-1,-1,0,-1
17,71,37472,-1,-1,0,-1
6,1,52938,16,-1,0,-1
17,52,59086,-1,-1,0,-1
17,47,37472,-1,-1,0,-1
6,4,52938,24,-1,0,-1
6,4,443,16,-1,0,-1
6,1,443,24,-1,0,-1
17,50,37472,-1,-1,0,-1
17,51,59086,-1,-1,0,-1
17,54,37472,-1,-1,0,-1
17,51,59086,-1,-1,0,-1
17,52,37472,-1,-1,0,-1
17,50,59086,-1,-1,0,-1
17,51,59086,-1,-1,0,-1
17,52,37472,-1,-1,0,-1
6,1,52938,16,-1,0,-1
17,51,37472,-1,-1,0,-1
17,51,59086,-1,-1,0,-1
6,1,52938,24,-1,0,-1
6,1,443,16,-1,0,-1
6,1,443,24,-1,0,-1
17,47,37472,-1,-1,0,-1
17,49,59086,-1,-1,0,-1
17,51,59086,-1,-1,0,-1
17,54,37472,-1,-1,0,-1
17,51,59086,-1,-1,0,-1
17,48,37472,-1,-1,0,-1
17,55,37472,-1,-1,0,-1
17,50,59086,-1,-1,0,-1
17,51,59086,-1,-1,0,-1
17,51,37472,-1,-1,0,-1
6,1,52938,16,-1,0,-1
17,52,37472,-1,-1,0,-1
17,49,59086,-1,-1,0,-1
6,1,52938,24,-1,0,-1
6,1,443,16,-1,0,-1
6,1,443,24,-1,0,-1
17,52,59086,-1,-1,0,-1
17,50,37472,-1,-1,0,-1
17,50,59086,-1,-1,0,-1
17,52,37472,-1,-1,0,-1
17,51,59086,-1,-1,0,-1
17,49,37472,-1,-1,0,-1
17,51,59086,-1,-1,0,-1
17,50,37472,-1,-1,0,-1
17,50,59086,-1,-1,0,-1
17,49,37472,-1,-1,0,-1
6,1,37124,16,-1,0,-1
17,53,59086,-1,-1,0,-1
6,1,52938,24,-1,0,-1
17,54,37472,-1,-1,0,-1
6,1,37124,24,-1,0,-1
6,1,443,24,-1,0,-1
6,1,443,16,-1,0,-1
6,1,443,16,-1,0,-1
6,1,52938,16,-1,0,-1
6,1,443,24,-1,0,-1
17,50,37472,-1,-1,0,-1
17,50,59086,-1,-1,0,-1
17,50,59086,-1,-1,0,-1
17,50,37472,-1,-1,0,-1
17,52,37472,-1,-1,0,-1
17,51,59086,-1,-1,0,-1
17,52,59086,-1,-1,0,-1
17,51,37472,-1,-1,0,-1
17,51,37472,-1,-1,0,-1
17,50,59086,-1,-1,0,-1
6,1,52938,16,-1,0,-1
17,51,37472,-1,-1,0,-1
17,51,59086,-1,-1,0,-1
6,1,52938,24,-1,0,-1
6,1,443,16,-1,0,-1
6,1,443,24,-1,0,-1
17,50,37472,-1,-1,0,-1
17,49,59086,-1,-1,0,-1
17,53,59086,-1,-1,0,-1
17,55,37472,-1,-1,0,-1
6,1,443,24,-1,0,-1
6,1,57890,16,-1,0,-1
17,49,37472,-1,-1,0,-1
17,50,59086,-1,-1,0,-1
17,50,37472,-1,-1,0,-1
17,51,59086,-1,-1,0,-1
6,1,52938,16,-1,0,-1
17,51,59086,-1,-1,0,-1
17,2,40223,-1,-1,0,-1
17,4,42021,-1,-1,0,-1
17,52,37472,-1,-1,0,-1
17,4,53,-1,-1,0,-1
6,1,52938,24,-1,0,-1
6,1,42210,24,-1,0,-1
6,1,443,16,-1,0,-1
17,2,53,-1,-1,0,-1
6,1,443,16,-1,0,-1
6,2,42210,16,-1,0,-1
6,2,443,24,-1,0,-1
6,1,443,24,-1,0,-1
17,52,37472,-1,-1,0,-1
17,2,40223,-1,-1,0,-1
17,4,42021,-1,-1,0,-1
17,50,59086,-1,-1,0,-1
17,4,53,-1,-1,0,-1
6,2,42210,24,-1,0,-1
17,2,53,-1,-1,0,-1
6,2,443,16,-1,0,-1
6,2,42210,16,-1,0,-1
6,2,443,24,-1,0,-1
17,30,37472,-1,-1,0,-1
17,52,59086,-1,-1,0,-1
1,2,-1,1,8,0,-1
1,2,-1,1,0,0,-1
1,1,-1,1,8,0,-1
1,2,-1,1,8,0,-1
1,1,-1,1,0,0,-1
1,1,-1,1,8,0,-1
1,2,-1,1,8,0,-1
1,1,-1,1,0,0,-1
1,1,-1,1,8,0,-1
1,2,-1,1,8,0,-1
1,1,-1,1,0,0,-1
1,1,-1,1,8,0,-1
1,2,-1,1,8,0,-1
1,1,-1,1,0,0,-1
1,1,-1,1,8,0,-1
1,1,-1,1,0,0,-1
1,1,-1,1,8,0,-1
1,1,-1,1,0,0,-1
1,1,-1,1,8,0,-1
1,1,-1,1,0,0,-1
1,1,-1,1,8,0,-1
1,1,-1,1,0,0,-1
1,1,-1,1,8,0,-1
1,1,-1,1,0,0,-1
1,1,-1,1,8,0,-1
1,1,-1,1,0,0,-1
1,1,-1,1,8,0,-1
1,1,-1,1,0,0,-1
1,1,-1,1,8,0,-1
1,1,-1,1,0,0,-1
1,1,-1,1,8,0,-1
1,1,-1,1,0,0,-1
1,1,-1,1,8,0,-1
1,1,-1,1,0,0,-1
1,1,-1,1,8,0,-1
1,1,-1,1,0,0,-1
1,1,-1,1,8,0,-1
1,1,-1,1,0,0,-1
1,1,-1,1,8,0,-1
1,1,-1,1,0,0,-1
1,1,-1,1,8,0,-1
1,1,-1,1,0,0,-1
1,2,-1,1,8,0,-1
1,2,-1,1,0,0,-1
1,1,-1,1,8,0,-1
1,1,-1,1,0,0,-1
1,2,-1,1,8,0,-1
1,2,-1,1,0,0,-1
1,1,-1,1,8,0,-1
1,1,-1,1,0,0,-1
1,2,-1,1,8,0,-1
1,2,-1,1,0,0,-1
1,1,-1,1,8,0,-1
1,1,-1,1,0,0,-1
1,2,-1,1,8,0,-1
1,1,-1,1,8,0,-1
1,1,-1,1,0,0,-1
1,2,-1,1,8,0,-1
1,1,-1,1,0,0,-1
1,1,-1,1,8,0,-1
1,1,-1,1,0,0,-1
1,1,-1,1,8,0,-1
1,1,-1,1,0,0,-1
1,1,-1,1,8,0,-1
1,1,-1,1,0,0,-1
1,2,-1,1,8,0,-1
1,1,-1,1,0,0,-1
1,2,-1,1,8,0,-1
1,1,-1,1,0,0,-1
1,2,-1,1,8,0,-1
1,1,-1,1,8,0,-1
1,1,-1,1,0,0,-1
1,2,-1,1,8,0,-1
1,1,-1,1,0,0,-1
1,1,-1,1,8,0,-1
1,1,-1,1,0,0,-1
1,1,-1,1,8,0,-1
1,1,-1,1,0,0,-1
1,1,-1,1,8,0,-1
1,1,-1,1,0,0,-1
1,2,-1,1,8,0,-1
1,1,-1,1,8,0,-1
1,1,-1,1,0,0,-1
1,2,-1,1,8,0,-1
1,1,-1,1,0,0,-1
1,1,-1,1,8,0,-1
1,1,-1,1,0,0,-1
1,1,-1,1,8,0,-1
1,1,-1,1,0,0,-1
1,1,-1,1,8,0,-1
1,1,-1,1,0,0,-1
1,1,-1,1,8,0,-1
1,1,-1,1,8,0,-1
1,1,-1,1,0,0,-1
1,2,-1,1,8,0,-1
1,2,-1,1,0,0,-1
1,1,-1,1,8,0,-1
1,1,-1,1,0,0,-1
1,2,-1,1,8,0,-1
1,2,-1,1,0,0,-1
1,1,-1,1,8,0,-1
1,1,-1,1,0,0,-1
6,1,-1,16,-1,0,-1
1,1,-1,1,8,0,-1
6,1,80,16,-1,0,-1
6,1,-1,16,-1,0,-1
1,1,-1,1,8,0,-1
1,2,-1,1,0,0,-1
6,4,-1,16,-1,0,-1
6,1,-1,18,-1,0,-1
6,1,443,2,-1,0,-1
6,2,443,24,-1,0,-1
6,2,-1,24,-1,0,-1
1,1,-1,1,8,0,-1
6,5,443,16,-1,0,-1
1,2,-1,1,8,0,-1
6,1,443,2,-1,0,-1
6,2,80,16,-1,0,-1
6,2,443,24,-1,0,-1
6,4,443,16,-1,0,-1
6,1,80,2,-1,0,-1
6,1,-1,18,-1,0,-1
6,6,-1,16,-1,0,-1
6,1,80,16,-1,0,-1
6,1,80,24,-1,0,-1
1,9,-1,1,0,0,-1
6,3,80,16,-1,0,-1
1,11,-1,1,8,0,-1
6,1,443,24,-1,0,-1
6,155,443,16,-1,0,-1
6,629,-1,24,-1,0,-1
6,1,443,16,-1,0,-1
6,1,-1,16,-1,0,-1
6,1,80,2,-1,0,-1
6,1,80,24,-1,0,-1
1,7,-1,1,8,0,-1
6,14,443,24,-1,0,-1
6,10,80,16,-1,0,-1
6,5,443,24,-1,0,-1
6,4,80,2,-1,0,-1
6,24,-1,24,-1,0,-1
6,10,-1,18,-1,0,-1
6,1,-1,16,-1,0,-1
6,34,443,16,-1,0,-1
6,1,443,2,-1,0,-1
6,5,443,2,-1,0,-1
6,47,443,16,-1,0,-1
6,1,80,16,-1,0,-1
6,5,80,24,-1,0,-1
1,8,-1,1,0,0,-1
6,2,80,16,-1,0,-1
1,22,-1,1,8,0,-1
6,1,443,17,-1,0,-1
6,74,443,16,-1,0,-1
6,1,443,20,-1,0,-1
6,2,443,2,-1,0,-1
6,3,-1,25,-1,0,-1
6,1,443,24,-1,0,-1
6,9,80,16,-1,0,-1
6,16,-1,16,-1,0,-1
6,4,443,16,-1,0,-1
6,7,443,24,-1,0,-1
6,1,80,17,-1,0,-1
6,3,443,16,-1,0,-1
6,2,80,16,-1,0,-1
1,20,-1,1,8,0,-1
1,23,-1,1,0,0,-1
6,1,443,16,-1,0,-1
6,3,-1,24,-1,0,-1
6,2,443,16,-1,0,-1
6,1,443,17,-1,0,-1
6,1,80,24,-1,0,-1
6,2,80,16,-1,0,-1
6,1,80,16,-1,0,-1
6,1,443,24,-1,0,-1
6,4,-1,16,-1,0,-1
